id,name,parent_id,is_company,vat,street,city,zip,state_id,country_id,email,phone,l10n_ro_vat_subjected,customer_rank,supplier_rank
nexterp_demo_partner_1,Aanei Stancu SPI,,1,RO7323927491,Intrarea Nistor Nr. 73,Motru,236885,base.RO_BV,base.ro,stanachim@post.ro,0246 747 933,0,0,0
nexterp_demo_partner_2,Brândușa Cristea,nexterp_demo_partner_1,0,,Soseaua Achim Dumitrescu,Bals,842537,base.RO_AB,base.ro,renatapop@post.ro,,0,0,0
nexterp_demo_partner_3,Fiona Dobre,nexterp_demo_partner_1,0,,Strada Casiana Ababei Nr. 31 Bl. 82  Sc. 37 Ap. 826,Arad,660870,base.RO_CV,base.ro,odinu@zzup.ro,,0,0,0
nexterp_demo_partner_4,Georgeta Cristea,nexterp_demo_partner_1,0,,Aleea Dumitrescu Nr. 74,Balan,975173,base.RO_BV,base.ro,dimateona@email.ro,,0,0,0
nexterp_demo_partner_5,Aanei Tudor PFA,,1,7550098723,Soseaua Decebal Stănescu Nr. 221 Bl. 60  Sc. 25 Ap. 937,Otelu Rosu,829745,base.RO_CT,base.ro,jdochioiu@141.ro,0233 283 882,1,1,0
nexterp_demo_partner_6,Cosmina Pușcașu,nexterp_demo_partner_5,0,,Drumul Julieta Gheorghiu,Targoviste,310596,base.RO_MM,base.ro,fnistor@141.ro,,0,0,0
nexterp_demo_partner_7,Iulia Ene,nexterp_demo_partner_5,0,,Intrarea Severin Tomescu Nr. 169 Bl. 86  Sc. 40 Ap. 354,Cisnadie,968804,base.RO_IS,base.ro,tomaharalamb@kappa.ro,,0,0,0
nexterp_demo_partner_8,Lucrețiu Cristea,nexterp_demo_partner_5,0,,Soseaua Decebal Stănescu Nr. 221 Bl. 60  Sc. 25 Ap. 937,Otelu Rosu,829745,base.RO_CT,base.ro,ababeimanole@kappa.ro,,0,0,0
nexterp_demo_partner_9,Frederic Ababei,,0,,Bulevardul Ariana Suciu,Buhusi,689708,base.RO_VN,base.ro,ztabacu@gmail.com,,0,0,0
nexterp_demo_partner_10,Heracleea Oprea,,0,,Intrarea Nicodim Albu,Modelu,269215,base.RO_VN,base.ro,egeorgescu@kappa.ro,,0,0,0
nexterp_demo_partner_11,Ivan Cristea,,0,,Soseaua Aanei Nr. 104,Jibou,149456,base.RO_BV,base.ro,giorgiandima@acasa.ro,,0,0,0
nexterp_demo_partner_12,Ackermann,,1,DE824699311,Weihmannstr. 16,Düren,2034,,base.de,florianpreiss@pergande.org,9148520582,0,1,1
nexterp_demo_partner_13,Albu Popescu SA,,1,1530620161,Strada Cristea,Zimnicea,998139,base.RO_B,base.ro,gtoma@gmail.com,0236 109 986,0,1,0
nexterp_demo_partner_14,Antoaneta Barbu,nexterp_demo_partner_13,0,,Bulevardul Ioanina Georgescu Nr. 678,Marasesti,221394,base.RO_PH,base.ro,cdima@kappa.ro,,0,0,0
nexterp_demo_partner_15,Dana Pușcașu,nexterp_demo_partner_13,0,,Soseaua Ionescu Nr. 90,Ineu,977513,base.RO_IF,base.ro,zgeorgescu@acasa.ro,,0,0,0
nexterp_demo_partner_16,Paraschiva Cristea,nexterp_demo_partner_13,0,,Strada Dochioiu Nr. 79,Pitesti,717307,base.RO_SJ,base.ro,taniadobre@acasa.ro,,0,0,0
nexterp_demo_partner_17,Ardelean Cristea INC,,1,RO2850186106,Drumul Raul Nemeș Nr. 63 Bl. 99  Sc. 74 Ap. 127,Petrosani,323676,base.RO_GR,base.ro,dgheorghiu@kappa.ro,0748 474 358,0,0,1
nexterp_demo_partner_18,Ardelean Dobre INC,,1,3572903993,Intrarea Mocanu,Marghita,735355,base.RO_MM,base.ro,sanda87@141.ro,0257 279 189,0,1,0
nexterp_demo_partner_19,Ardelean Dochioiu INC,,1,3837218271,Aleea Albu Nr. 30 Bl. 95  Sc. 30 Ap. 120,Mangalia,180602,base.RO_CJ,base.ro,cleopatra99@kappa.ro,0757 708 837,0,1,1
nexterp_demo_partner_20,Ardelean Dochioiu SCS,,1,RO1437731951,Strada Stan Nr. 32,Otelu Rosu,811886,base.RO_AB,base.ro,barbucarolina@kappa.ro,0737 558 124,1,1,1
nexterp_demo_partner_21,Ardelean Marin SCS,,1,4211310746,Aleea Milena Suciu Nr. 37,Santana,993070,base.RO_VS,base.ro,rababei@acasa.ro,0740 612 670,0,0,1
nexterp_demo_partner_22,Antonela Nemeș,nexterp_demo_partner_21,0,,Aleea Milena Suciu Nr. 37,Santana,993070,base.RO_VS,base.ro,paraschiva31@kappa.ro,,0,0,0
nexterp_demo_partner_23,Dacian Popescu,nexterp_demo_partner_21,0,,Strada Oprea,Podu Iloaiei,242479,base.RO_SM,base.ro,tabacufrancisc@gmail.com,,0,0,0
nexterp_demo_partner_24,Mitruț Florea,nexterp_demo_partner_21,0,,Drumul Dragoș Toma Nr. 340,Baia Mare,683403,base.RO_VS,base.ro,inistor@zzup.ro,,0,0,0
nexterp_demo_partner_25,Ardelean Nistor SCA,,1,RO2916485626,Strada Niță,Lumina,286181,base.RO_DB,base.ro,nemesionica@acasa.ro,0756 885 535,1,0,0
nexterp_demo_partner_26,Ardelean SA,,1,8441565380,Bulevardul Diaconu Nr. 61 Bl. 66  Sc. 21 Ap. 739,Navodari,590918,base.RO_DJ,base.ro,fstan@gmail.com,0231 725 776,1,0,1
nexterp_demo_partner_27,Carla Stancu,nexterp_demo_partner_26,0,,Bulevardul Tabacu Nr. 195,Hunedoara,636889,base.RO_GR,base.ro,kene@kappa.ro,,0,0,0
nexterp_demo_partner_28,Ilie Stancu,nexterp_demo_partner_26,0,,Strada Nistor Nr. 705,Campina,372599,base.RO_CV,base.ro,manolefabian@post.ro,,0,0,0
nexterp_demo_partner_29,Lidia Gheorghiu,nexterp_demo_partner_26,0,,Aleea Preda Nr. 15,Voluntari,613693,base.RO_SB,base.ro,aurelianatabacu@email.ro,,0,0,0
nexterp_demo_partner_30,Ardelean Stoica LOC,,1,2095369991,Drumul Denisa Georgescu Nr. 387 Bl. 27  Sc. 30 Ap. 106,Reghin,887636,base.RO_AB,base.ro,ionitaana@141.ro,0760 354 555,1,0,1
nexterp_demo_partner_31,Balogh és társa Kkt.,,1,HU76077414,Borsodkereszti utca 67.,szerbgyörgydevecser,H-9411,,base.hu,szekerespeter@gmail.com,+36 72 754-6553,0,1,0
nexterp_demo_partner_32,Barbu INC,,1,4738026043,Intrarea Diaconescu Nr. 56,Giarmata,244430,base.RO_CT,base.ro,aababei@kappa.ro,0268 908 605,0,0,1
nexterp_demo_partner_33,Ivona Popa,nexterp_demo_partner_32,0,,Intrarea Diaconescu Nr. 56,Giarmata,244430,base.RO_CT,base.ro,eftimie43@141.ro,,0,0,0
nexterp_demo_partner_34,Mara Stan,nexterp_demo_partner_32,0,,Intrarea Diaconescu Nr. 56,Giarmata,244430,base.RO_CT,base.ro,adelintomescu@acasa.ro,,0,0,0
nexterp_demo_partner_35,Tudorița Nistor,nexterp_demo_partner_32,0,,Soseaua Dumitrescu Nr. 411,Baile Borsa,135915,base.RO_IL,base.ro,jdima@zzup.ro,,0,0,0
nexterp_demo_partner_36,Barbu OC3,,1,RO4123589810,Drumul Fiona Nistor Nr. 41 Bl. 46  Sc. 86 Ap. 141,Dancu,237451,base.RO_AB,base.ro,mugurelstanescu@zzup.ro,0758 491 583,0,1,0
nexterp_demo_partner_37,Barbu Popescu SCA,,1,RO5706738365,Intrarea Stan,Covasna,241282,base.RO_NT,base.ro,xtomescu@141.ro,0760 472 074,1,1,0
nexterp_demo_partner_38,Barbu Voinea SPI,,1,RO5879124676,Bulevardul Gianina Gheorghiu Nr. 34 Bl. 10  Sc. 74 Ap. 380,Tecuci,365665,base.RO_DB,base.ro,silviangheorghiu@gmail.com,0711 786 580,0,0,0
nexterp_demo_partner_39,Cantemir Preda,nexterp_demo_partner_37,0,,Drumul Popa Nr. 556,Ineu,860719,base.RO_OT,base.ro,eftimieantoniu@email.ro,,0,0,0
nexterp_demo_partner_40,Nicoleta Marin,nexterp_demo_partner_37,0,,Aleea Georgescu Nr. 48,Sacele,532799,base.RO_GJ,base.ro,ypop@zzup.ro,,0,0,0
nexterp_demo_partner_41,Rafila Dima,nexterp_demo_partner_37,0,,Bulevardul Catrina Dumitrescu Nr. 352,Pecica,394041,base.RO_MS,base.ro,nmazilescu@141.ro,,0,0,0
nexterp_demo_partner_42,Todor Suciu,nexterp_demo_partner_37,0,,Bulevardul Popescu Nr. 39 Bl. 54  Sc. 27 Ap. 668,Targu Secuiesc,223144,base.RO_BV,base.ro,nitaoctavia@email.ro,,0,0,0
nexterp_demo_partner_43,Traian Florea,nexterp_demo_partner_37,0,,Drumul Nistor,Gilau,602383,base.RO_SM,base.ro,pdumitrescu@kappa.ro,,0,0,0
nexterp_demo_partner_44,Viorela Florea,nexterp_demo_partner_37,0,,Drumul Tomescu,Barlad,433466,base.RO_HD,base.ro,dochioiufloriana@zzup.ro,,0,0,0
nexterp_demo_partner_45,Begonja Zeba d.o.o.,,1,HR54040327429,Jagodnjak 3c/9,Vodice,50626,,base.hr,balincicmilena@net.hr,01 4571 210,1,0,1
nexterp_demo_partner_46,Belošević d.o.o.,,1,HR68360937887,Dubravkin 8b,Čakovec,5881,,base.hr,jonjicdamir@halapir.org,043 991 387,1,0,0
nexterp_demo_partner_47,Bender Kallert AG,,1,DE333923355,Valentin-Sauer-Allee 35,Sigmaringen,75812,,base.de,phoefig@hotmail.de,09544 68806,0,0,0
nexterp_demo_partner_48,Bruscantini e figli,,1,IT69484200634,Borgo Flavio 70 Piano 0,Settimo Temistocle,44549,base.state_it_al,base.it,almagiagirolamo@alice.it,+39 56 2283777,0,1,0
nexterp_demo_partner_49,Calarco e figli,,1,IT49805790240,Borgo Antonio 793,Raimondo nell'emilia,78691,base.state_it_mc,base.it,elisaguarneri@bellocchio.com,+39 9602 44670424,1,0,0
nexterp_demo_partner_50,Campanella Bonaventura e Monte s.r.l.,,1,IT83367490675,Via Giada 327,Letta veneto,2705,base.state_it_cz,base.it,fagottogustavo@liguori-alfieri.org,+39 90 5581030,0,1,0
nexterp_demo_partner_51,Ciampi Fabbri e Verdi e figli,,1,IT28344650305,Borgo Alessio 3,Settimo Antonello lido,36142,base.state_it_fg,base.it,inordio@iannucci.eu,+39 0758 5826144,1,1,0
nexterp_demo_partner_52,Conte SPA,,1,IT64141300927,Vicolo Gianfranco 33 Piano 2,Natalia salentino,48085,base.state_it_vs,base.it,lianatravaglio@outlook.com,+39 19 6591241,0,0,0
nexterp_demo_partner_53,Cristea Dochioiu URL,,1,8342446862,Drumul Dumitrescu,Lumina,279879,base.RO_GR,base.ro,nistorofelia@post.ro,0763 789 445,0,0,1
nexterp_demo_partner_54,Cristea LOC,,1,RO2986775604,Soseaua Ardelean Nr. 59,Raducaneni,216144,base.RO_AB,base.ro,albusemenica@kappa.ro,0250 982 160,0,0,0
nexterp_demo_partner_55,Cristea Mazilescu SA,,1,1592322610,Strada Manole Nr. 19 Bl. 34  Sc. 16 Ap. 959,Straja,959038,base.RO_BN,base.ro,ionescuadrian@zzup.ro,0785 352 668,0,0,0
nexterp_demo_partner_56,Jeana Nistor,nexterp_demo_partner_55,0,,Bulevardul Dima Nr. 512,Moldova Veche,831915,base.RO_HD,base.ro,geta21@zzup.ro,,0,0,0
nexterp_demo_partner_57,Octavia Nemeș,nexterp_demo_partner_55,0,,Aleea Dochioiu,Alesd,700238,base.RO_TR,base.ro,ardeleannorman@kappa.ro,,0,0,0
nexterp_demo_partner_58,Vlădelina Gheorghiu,nexterp_demo_partner_55,0,,Bulevardul Marin Nr. 51,Bals,210674,base.RO_SV,base.ro,nitamariana@gmail.com,,0,0,0
nexterp_demo_partner_59,Cristea OC1,,1,RO8073184137,Strada Popa Nr. 457 Bl. 97  Sc. 25 Ap. 653,Straja,894879,base.RO_BV,base.ro,iacobpreda@acasa.ro,0788 786 665,0,0,0
nexterp_demo_partner_60,Cristea Oprea OC1,,1,2181745412,Strada Manole,Vicovu de Sus,625845,base.RO_CJ,base.ro,gabriel78@gmail.com,0745 181 221,1,0,0
nexterp_demo_partner_61,Cristea Popa SCS,,1,1892728403,Bulevardul Georgescu Nr. 469 Bl. 28  Sc. 51 Ap. 677,Ramnicu Valcea,147148,base.RO_TR,base.ro,nistorstefana@email.ro,0749 499 812,1,0,1
nexterp_demo_partner_62,Cristea Stoica CRL,,1,RO7710865968,Drumul Nistor,Baia,898402,base.RO_MM,base.ro,aaanei@acasa.ro,0759 990 986,1,0,0
nexterp_demo_partner_63,Cristea Toma SRL,,1,RO3909399372,Intrarea Dima,Sacueni,625447,base.RO_BZ,base.ro,cionita@kappa.ro,0269 183 352,0,0,0
nexterp_demo_partner_64,Cristea Tudor OC2,,1,9967250506,Drumul Diaconu Nr. 25,Jibou,128652,base.RO_CL,base.ro,raulpuscasu@141.ro,0243 601 324,0,1,0
nexterp_demo_partner_65,Cvenić,,1,HR21660176885,Šestinski vijenac 0c/8,Crikvenica,6842,,base.hr,ydominikovic@inet.hr,097 5780 747,0,1,1
nexterp_demo_partner_66,Diaconescu Toma SNC,,1,RO4968746659,Drumul Cristea,Piatra-Neamt,891800,base.RO_BT,base.ro,predatania@email.ro,0250 163 025,0,0,0
nexterp_demo_partner_67,Diaconu Dima URL,,1,RO3907105900,Strada Georgescu Nr. 90 Bl. 74  Sc. 35 Ap. 266,Deta,902177,base.RO_IF,base.ro,ramonanita@kappa.ro,0247 787 064,0,1,0
nexterp_demo_partner_68,Diaconu Mocanu OC1,,1,5781189400,Strada Iulian Ioniță Nr. 246 Bl. 49  Sc. 51 Ap. 432,Lunca Cetatuii,912182,base.RO_BH,base.ro,ipop@post.ro,0731 734 838,1,0,1
nexterp_demo_partner_69,Diaconu OC3,,1,RO2500269543,Soseaua Ardelean Nr. 67,Tulcea,759930,base.RO_IS,base.ro,poparoxelana@141.ro,0242 498 049,1,1,1
nexterp_demo_partner_70,Diaconu OC3,,1,6110607946,Drumul Ababei,Bistrita,844585,base.RO_MS,base.ro,odochioiu@kappa.ro,0246 717 058,0,0,0
nexterp_demo_partner_71,Diaconu Tudor PFA,,1,RO8070552471,Bulevardul Tabacu Nr. 50 Bl. 75  Sc. 15 Ap. 997,Dobroesti,872597,base.RO_IL,base.ro,diaconescunicoleta@gmail.com,0736 805 991,1,1,1
nexterp_demo_partner_72,Dima,,1,RO3084025384,Aleea Tudosia Pop Nr. 75 Bl. 33  Sc. 43 Ap. 173,Siria,645836,base.RO_BN,base.ro,raducu66@141.ro,0730 275 316,0,0,1
nexterp_demo_partner_73,Dima CON,,1,6916328006,Intrarea Mocanu Nr. 486,Gura Humorului,794287,base.RO_CT,base.ro,nicoleta76@acasa.ro,0248 442 136,0,1,0
nexterp_demo_partner_74,Dima Dumitrescu SRL,,1,RO2327418999,Soseaua Profira Dima Nr. 563,Babeni,176958,base.RO_CS,base.ro,kmocanu@acasa.ro,0733 657 876,0,0,0
nexterp_demo_partner_75,Eliana Aanei,nexterp_demo_partner_74,0,,Soseaua Stănescu Nr. 716 Bl. 48  Sc. 11 Ap. 185,Balan,374713,base.RO_BN,base.ro,floreaoliviu@post.ro,,0,0,0
nexterp_demo_partner_76,Eugenia Dinu,nexterp_demo_partner_74,0,,Strada Aanei,Pipera (Voluntari),383092,base.RO_AB,base.ro,jardelean@email.ro,,0,0,0
nexterp_demo_partner_77,Grațiela Georgescu,nexterp_demo_partner_74,0,,Soseaua Georgescu Nr. 829 Bl. 42  Sc. 21 Ap. 165,Zarnesti,846543,base.RO_PH,base.ro,ruxanda59@zzup.ro,,0,0,0
nexterp_demo_partner_78,Dima Eftimie SCS,,1,7494476795,Aleea Fabia Marin Nr. 251,Poiana Mare,431570,base.RO_SM,base.ro,ardeleancodrina@acasa.ro,0247 128 248,0,1,0
nexterp_demo_partner_79,Costache Tabacu,nexterp_demo_partner_78,0,,Aleea Fabia Marin Nr. 251,Poiana Mare,431570,base.RO_SM,base.ro,dan56@kappa.ro,,0,0,0
nexterp_demo_partner_80,Sorina Georgescu,nexterp_demo_partner_78,0,,Aleea Fabia Marin Nr. 251,Poiana Mare,431570,base.RO_SM,base.ro,vtomescu@zzup.ro,,0,0,0
nexterp_demo_partner_81,Zaharia Tabacu,nexterp_demo_partner_78,0,,Aleea Tomescu Nr. 64,Pogoanele,451596,base.RO_SV,base.ro,diaconulucentiu@141.ro,,0,0,0
nexterp_demo_partner_82,Dima INC,,1,3687913168,Aleea Niță Nr. 37 Bl. 83  Sc. 76 Ap. 636,Chitila,997326,base.RO_BR,base.ro,hpreda@post.ro,0738 249 926,0,1,1
nexterp_demo_partner_83,Dinu Barbu PFA,,1,RO1798923866,Aleea Voinea Nr. 37,Calan,478014,base.RO_AB,base.ro,florearelu@email.ro,0764 992 834,0,0,1
nexterp_demo_partner_84,Iuliana Manole,nexterp_demo_partner_83,0,,Aleea Olimpia Tabacu Nr. 36 Bl. 93  Sc. 30 Ap. 249,Bocsa,496584,base.RO_BZ,base.ro,cristea85@email.ro,,0,0,0
nexterp_demo_partner_85,Tinca Dima,nexterp_demo_partner_83,0,,Intrarea Iris Nemeș Nr. 464 Bl. 50  Sc. 11 Ap. 584,Boldesti-Scaeni,977474,base.RO_VS,base.ro,stelianacristea@gmail.com,,0,0,0
nexterp_demo_partner_86,Valeriu Manole,nexterp_demo_partner_83,0,,Soseaua Margareta Tabacu,Peretu,948218,base.RO_OT,base.ro,zaanei@zzup.ro,,0,0,0
nexterp_demo_partner_87,Dinu Stan AFJ,,1,RO5476250902,Drumul Florin Tabacu Nr. 290,Falticeni,760812,base.RO_DJ,base.ro,rene@zzup.ro,0745 887 994,0,0,1
nexterp_demo_partner_88,Aida Dochioiu,nexterp_demo_partner_87,0,,Aleea Niță Nr. 536,Dabuleni,123443,base.RO_SJ,base.ro,albubogdana@email.ro,,0,0,0
nexterp_demo_partner_89,Lucențiu Marin,nexterp_demo_partner_87,0,,Drumul Florin Tabacu Nr. 290,Falticeni,760812,base.RO_DJ,base.ro,ababeimircea@zzup.ro,,0,0,0
nexterp_demo_partner_90,Mihai Gheorghiu,nexterp_demo_partner_87,0,,Drumul Florin Tabacu Nr. 290,Falticeni,760812,base.RO_DJ,base.ro,gheorghiucristobal@gmail.com,,0,0,0
nexterp_demo_partner_91,Dobre Diaconescu INC,,1,6979662119,Soseaua Tabacu Nr. 257,Jimbolia,464080,base.RO_CV,base.ro,stanadiaconescu@kappa.ro,0764 245 537,0,0,1
nexterp_demo_partner_92,Dobre Florea SCA,,1,RO1412073354,Drumul Oprea Nr. 760 Bl. 66  Sc. 32 Ap. 516,Cisnadie,367342,base.RO_SJ,base.ro,marinlaurentia@141.ro,0253 956 277,1,0,0
nexterp_demo_partner_93,Dobre Ionescu AFJ,,1,2985084139,Drumul Cristofor Voinea Nr. 100 Bl. 20  Sc. 28 Ap. 700,Paunesti,836942,base.RO_GL,base.ro,estan@acasa.ro,0731 607 043,1,1,1
nexterp_demo_partner_94,Dobre Ionescu SCA,,1,RO7736008211,Soseaua Albu Nr. 93 Bl. 27  Sc. 98 Ap. 106,Corabia,813327,base.RO_SM,base.ro,diaconuleopoldina@141.ro,0761 234 583,0,1,0
nexterp_demo_partner_95,Dobre Nistor SA,,1,RO4672486321,Soseaua Dumitrescu Nr. 815,Fagaras,267335,base.RO_CS,base.ro,opreaeusebia@141.ro,0721 775 815,1,1,1
nexterp_demo_partner_96,Dobre PFA,,1,8988382573,Drumul Preda,Arbore,609019,base.RO_GR,base.ro,zamfirmocanu@email.ro,0728 873 251,0,0,0
nexterp_demo_partner_97,Dobre Toma AFJ,,1,RO9085550685,Drumul Diaconescu Nr. 578 Bl. 20  Sc. 19 Ap. 795,Modelu,857356,base.RO_CS,base.ro,petrutastan@acasa.ro,0761 382 299,1,1,1
nexterp_demo_partner_98,Codrin Ioniță,nexterp_demo_partner_97,0,,Intrarea Ioniță,Plosca,525539,base.RO_CJ,base.ro,diaconescuelodia@gmail.com,,0,0,0
nexterp_demo_partner_99,Petre Nistor,nexterp_demo_partner_97,0,,Aleea Pușcașu Nr. 90,Falticeni,795309,base.RO_MH,base.ro,dumitrescupamfil@email.ro,,0,0,0
nexterp_demo_partner_100,Tinca Nistor,nexterp_demo_partner_97,0,,Aleea Marin,Gilau,296549,base.RO_VN,base.ro,cristeazoe@post.ro,,0,0,0
nexterp_demo_partner_101,Dumitrescu ASF,,1,6300371686,Soseaua Tudor Nr. 477,Marasesti,971198,base.RO_DB,base.ro,suciuofelia@zzup.ro,0735 733 328,0,1,0
nexterp_demo_partner_102,Dumitrescu Ardelean SPI,,1,RO9466924882,Drumul Mina Florea,Pogoanele,319168,base.RO_VN,base.ro,mstoica@kappa.ro,0724 994 195,0,0,1
nexterp_demo_partner_103,Daniel Ioniță,nexterp_demo_partner_102,0,,Bulevardul Felicia Diaconu,Corund,217634,base.RO_BV,base.ro,getaoprea@kappa.ro,,0,0,0
nexterp_demo_partner_104,Mitică Nistor,nexterp_demo_partner_102,0,,Bulevardul Ionuț Ioniță Nr. 70,Arbore,675731,base.RO_CT,base.ro,danielaanei@gmail.com,,0,0,0
nexterp_demo_partner_105,Nelu Florea,nexterp_demo_partner_102,0,,Bulevardul Manole Nr. 846,Buhusi,173402,base.RO_AR,base.ro,rebecanistor@kappa.ro,,0,0,0
nexterp_demo_partner_106,Eftimie Ardelean OC1,,1,RO3608378804,Soseaua Lică Dinu Nr. 19,Marasesti,905325,base.RO_MH,base.ro,fdobre@acasa.ro,0263 974 807,1,1,0
nexterp_demo_partner_107,Eftimie CON,,1,9068189719,Aleea Tomescu Nr. 58 Bl. 75  Sc. 38 Ap. 713,Baia,515934,base.RO_CV,base.ro,popdana@acasa.ro,0753 820 876,0,1,0
nexterp_demo_partner_108,Eftimie Cristea RA,,1,RO1322239719,Drumul Diaconescu Nr. 710 Bl. 34  Sc. 56 Ap. 307,Marasesti,455075,base.RO_AG,base.ro,gherghinamarin@email.ro,0750 604 463,0,1,1
nexterp_demo_partner_109,Caterina Ardelean,nexterp_demo_partner_108,0,,Strada Gheorghiu Nr. 86,Barbulesti,918993,base.RO_BT,base.ro,uaanei@gmail.com,,0,0,0
nexterp_demo_partner_110,Ionel Dumitrescu,nexterp_demo_partner_108,0,,Aleea Oprea,Sinaia,478491,base.RO_PH,base.ro,voprea@kappa.ro,,0,0,0
nexterp_demo_partner_111,Minodora Florea,nexterp_demo_partner_108,0,,Strada Preda,Ineu,819818,base.RO_BH,base.ro,feliciaoprea@kappa.ro,,0,0,0
nexterp_demo_partner_112,Eftimie Mocanu SCA,,1,RO8838969330,Aleea Cornelia Tomescu,Lunca Cetatuii,639603,base.RO_MS,base.ro,nistordomnica@zzup.ro,0772 419 903,1,0,1
nexterp_demo_partner_113,Eftimie Nemeș SCS,,1,1187261019,Bulevardul Nemeș Nr. 434,Oravita,362629,base.RO_GJ,base.ro,dochioiuvladelina@kappa.ro,0733 526 728,1,1,1
nexterp_demo_partner_114,Eftimie SCS,,1,3920462365,Drumul Dima,Negresti,992807,base.RO_BV,base.ro,suciulacramioara@gmail.com,0723 790 544,1,1,0
nexterp_demo_partner_115,Eftimie URL,,1,3203119866,Soseaua Mirabela Aanei Nr. 64,Urlati,973578,base.RO_GJ,base.ro,lidiadinu@kappa.ro,0762 162 807,0,0,0
nexterp_demo_partner_116,Ene Ababei ASF,,1,5998082653,Aleea Stan Nr. 87,Sangeorgiu de Mures,104544,base.RO_HR,base.ro,jenelstan@acasa.ro,0254 352 469,1,1,0
nexterp_demo_partner_117,Ene Ene OC2,,1,RO3022387040,Intrarea Mocanu Nr. 49,Lupeni,598507,base.RO_AG,base.ro,ialbu@post.ro,0746 685 148,0,1,1
nexterp_demo_partner_118,Ene INC,,1,RO3171802336,Bulevardul Savina Ioniță,Modelu,847314,base.RO_DJ,base.ro,tudorveta@kappa.ro,0242 371 768,0,0,0
nexterp_demo_partner_119,Ene Ionescu URL,,1,5188596548,Drumul Aanei Nr. 620 Bl. 86  Sc. 13 Ap. 832,Straja,619210,base.RO_VL,base.ro,ddobre@zzup.ro,0233 282 426,0,0,1
nexterp_demo_partner_120,Daria Ardelean,nexterp_demo_partner_119,0,,Intrarea Tabacu,Breaza de Sus,592182,base.RO_TM,base.ro,corneldinu@gmail.com,,0,0,0
nexterp_demo_partner_121,Lorelei Dumitrescu,nexterp_demo_partner_119,0,,Drumul Aanei Nr. 620 Bl. 86  Sc. 13 Ap. 832,Straja,619210,base.RO_VL,base.ro,mazilescuflorea@post.ro,,0,0,0
nexterp_demo_partner_122,Sidonia Mocanu,nexterp_demo_partner_119,0,,Aleea Marin,Vicovu de Sus,287383,base.RO_VL,base.ro,nemescodrin@post.ro,,0,0,0
nexterp_demo_partner_123,Ene PFA,,1,7598249782,Drumul Dobre,Tasnad,420105,base.RO_DJ,base.ro,naanei@gmail.com,0738 194 191,0,1,0
nexterp_demo_partner_124,Ene Pop OC1,,1,3505976077,Bulevardul Georgescu Nr. 882,Prejmer,853143,base.RO_NT,base.ro,aionescu@acasa.ro,0728 324 501,0,0,0
nexterp_demo_partner_125,Ernst,,1,DE880471036,Sölzerplatz 9/7,Sankt Goarshausen,6432,,base.de,gordon96@aol.de,+49(0)7028 40410,0,0,1
nexterp_demo_partner_126,Fechner,,1,DE322992256,Suse-Hein-Platz 09,Sigmaringen,74337,,base.de,arif08@gmail.com,+49(0)8636 527812,0,0,0
nexterp_demo_partner_127,Dr. Hanno Lange,nexterp_demo_partner_126,0,,Max-Dippel-Weg 1,Kötzting,43454,,base.ro,luebspasquale@stiebitz.com,,0,0,0
nexterp_demo_partner_128,Theres Ortmann,nexterp_demo_partner_126,0,,Suse-Hein-Platz 09,Sigmaringen,74337,,base.de,ugehringer@yahoo.de,,0,0,0
nexterp_demo_partner_129,Uschi Niemeier B.A.,nexterp_demo_partner_126,0,,van der Dussenstr. 1/2,Brandenburg,9786,,base.ro,lydia72@wieloch.org,,0,0,0
nexterp_demo_partner_130,Fehér Biró Bt.,,1,HU50478437,Györgyapátii út 73.,bácsligetnádasd,H-3869,,base.hu,afekete@szabi.info,069/ 772 243,0,0,0
nexterp_demo_partner_131,Florea AFJ,,1,RO1045614292,Strada Eftimie Nr. 24 Bl. 37  Sc. 39 Ap. 486,Vatra Dornei,819447,base.RO_BV,base.ro,popescugina@acasa.ro,0760 343 607,1,1,1
nexterp_demo_partner_132,Antoniu Nistor,nexterp_demo_partner_131,0,,Aleea Antonia Popa Nr. 15,Falticeni,868946,base.RO_NT,base.ro,gababei@gmail.com,,0,0,0
nexterp_demo_partner_133,Fabiana Preda,nexterp_demo_partner_131,0,,Strada Eftimie Nr. 24 Bl. 37  Sc. 39 Ap. 486,Vatra Dornei,819447,base.RO_BV,base.ro,barbutiberia@zzup.ro,,0,0,0
nexterp_demo_partner_134,Panagachie Stancu,nexterp_demo_partner_131,0,,Drumul Nistor Nr. 479,Tudora,362060,base.RO_BH,base.ro,nistorrobert@gmail.com,,0,0,0
nexterp_demo_partner_135,Florea Dobre SPI,,1,RO8074561006,Soseaua Florea,Baia Mare,578489,base.RO_VN,base.ro,rada91@acasa.ro,0235 305 797,0,1,0
nexterp_demo_partner_136,Florea Popescu RA,,1,1971958260,Strada Dumitrescu Nr. 71 Bl. 59  Sc. 56 Ap. 133,Anina,668817,base.RO_PH,base.ro,rnemes@email.ro,0757 262 669,1,0,0
nexterp_demo_partner_137,Florea RA,,1,RO6667750911,Soseaua Dobre Nr. 487 Bl. 77  Sc. 47 Ap. 484,Vatra Dornei,841754,base.RO_DB,base.ro,npuscasu@email.ro,0726 783 661,0,0,0
nexterp_demo_partner_138,Florea Tomescu SRL,,1,RO7644812920,Aleea Nemeș,Techirghiol,919098,base.RO_OT,base.ro,panait31@email.ro,0752 619 282,1,0,0
nexterp_demo_partner_139,Andra Preda,,0,,Bulevardul Flaviu Pop Nr. 353 Bl. 15  Sc. 19 Ap. 297,Matca,577257,base.RO_AG,base.ro,fdochioiu@acasa.ro,,0,0,0
nexterp_demo_partner_140,David Manole,,0,,Intrarea Pop Nr. 906,Sancraiu de Mures,405452,base.RO_BV,base.ro,dbarbu@gmail.com,,0,0,0
nexterp_demo_partner_141,Letiția Georgescu,,0,,Drumul Dobre Nr. 45 Bl. 69  Sc. 18 Ap. 961,Rucar,975970,base.RO_TR,base.ro,zeno07@kappa.ro,,0,0,0
nexterp_demo_partner_142,Franušić,,1,HR20654270673,Šestinski vijenac 294,Novska,50317,,base.hr,ljubeticniksa@vip.hr,048 154 128,1,0,1
nexterp_demo_partner_143,Fritsch,,1,DE951232262,Hübelallee 1/0,Steinfurt,55553,,base.de,eroehricht@loos.com,(02972) 313243,1,0,1
nexterp_demo_partner_144,Galić,,1,HR21649685197,Paunovac 4b,Nin,64235,,base.hr,jurlinafranjo@net.hr,01 6037 917,1,0,0
nexterp_demo_partner_145,Gheorghiu CRL,,1,RO9998433376,Drumul Stan,Arad,730307,base.RO_VL,base.ro,jaanei@141.ro,0758 497 457,0,1,1
nexterp_demo_partner_146,Gheorghiu OC2,,1,RO6962364347,Bulevardul Ababei Nr. 282 Bl. 26  Sc. 68 Ap. 766,Insuratei,775674,base.RO_IL,base.ro,otudor@zzup.ro,0268 959 827,0,1,0
nexterp_demo_partner_147,Alina Aanei,nexterp_demo_partner_146,0,,Bulevardul Bartolomeu Stoica Nr. 940,Saveni,866275,base.RO_SM,base.ro,corneliaionita@gmail.com,,0,0,0
nexterp_demo_partner_148,Emanuil Stănescu,nexterp_demo_partner_146,0,,Bulevardul Oprea Nr. 610 Bl. 90  Sc. 14 Ap. 485,Mangalia,563318,base.RO_CJ,base.ro,zoepuscasu@gmail.com,,0,0,0
nexterp_demo_partner_149,Izabela Popa,nexterp_demo_partner_146,0,,Bulevardul Ababei Nr. 282 Bl. 26  Sc. 68 Ap. 766,Insuratei,775674,base.RO_IL,base.ro,diaconescuteea@zzup.ro,,0,0,0
nexterp_demo_partner_150,Gheorghiu SA,,1,5371541590,Soseaua Dumitrescu Nr. 658 Bl. 24  Sc. 25 Ap. 893,Tulcea,765683,base.RO_GL,base.ro,vnistor@gmail.com,0269 951 233,0,1,1
nexterp_demo_partner_151,Antonia Eftimie,nexterp_demo_partner_150,0,,Drumul Todor Ioniță Nr. 28,Zarnesti,139949,base.RO_VS,base.ro,fiodordumitrescu@141.ro,,0,0,0
nexterp_demo_partner_152,Antonie Tomescu,nexterp_demo_partner_150,0,,Strada Gabriela Nistor Nr. 68,Boldesti-Scaeni,846437,base.RO_BR,base.ro,ionitacantemir@gmail.com,,0,0,0
nexterp_demo_partner_153,Minodora Nemeș,nexterp_demo_partner_150,0,,Bulevardul Niță Nr. 50 Bl. 73  Sc. 21 Ap. 214,Fetesti,618196,base.RO_CT,base.ro,gheorghiumitica@kappa.ro,,0,0,0
nexterp_demo_partner_154,Gheorghiu SCA,,1,4356143856,Bulevardul Ababei,Peris,496301,base.RO_CJ,base.ro,poprea@kappa.ro,0768 480 652,1,0,0
nexterp_demo_partner_155,Gheorghiu SNC,,1,RO2368859577,Strada Anemona Ababei,Turda,983133,base.RO_BZ,base.ro,nvoinea@141.ro,0248 381 401,0,0,0
nexterp_demo_partner_156,Gheorghiu Stoica PFA,,1,8244586620,Strada Pop Nr. 323 Bl. 96  Sc. 92 Ap. 772,Lugoj,538898,base.RO_MM,base.ro,hdiaconu@acasa.ro,0251 556 580,1,1,1
nexterp_demo_partner_157,Gheorghiu Suciu RA,,1,3806009763,Intrarea Diaconu Nr. 41,Cumpana,297571,base.RO_MH,base.ro,adriana10@141.ro,0737 893 745,1,1,1
nexterp_demo_partner_158,Gheorghiu URL,,1,RO1838085877,Drumul Popescu Nr. 85,Satu Mare,789509,base.RO_CS,base.ro,patriciaababei@kappa.ro,0744 254 776,1,1,0
nexterp_demo_partner_159,Golgi Merisi e Valentino s.r.l.,,1,IT19487220345,Canale Celentano 85,Ippazio nell'emilia,77823,base.state_it_ct,base.it,adrianasaffi@gagliano-corcos.it,+39 665 4613435,0,1,0
nexterp_demo_partner_160,Grbac,,1,HR76797817519,Mala 768,Zaprešić,78891,,base.hr,fran49@bozickovic.com.hr,092 6684 814,1,0,0
nexterp_demo_partner_161,Gutknecht,,1,DE834029976,Mälzerring 148,Flöha,12354,,base.de,haufferjulian@web.de,02160 59836,1,1,0
nexterp_demo_partner_162,Hahn Etzler GmbH,,1,DE978736046,Trudi-Säuberlich-Ring 7/9,Sankt Goar,16541,,base.de,cichoriuswaltrud@doerr.org,04537 25761,0,1,1
nexterp_demo_partner_163,Harloff e.G.,,1,DE131234970,Harriet-Junck-Gasse 0,Ansbach,28342,,base.de,radischlidia@googlemail.com,05481 90544,0,1,1
nexterp_demo_partner_164,Dogan Schmiedecke,nexterp_demo_partner_163,0,,Matthäistr. 68,Pößneck,39056,,base.ro,oswaldscheel@hotmail.de,,0,0,0
nexterp_demo_partner_165,Hans-Günter Reichmann,nexterp_demo_partner_163,0,,Harriet-Junck-Gasse 0,Ansbach,28342,,base.de,bpaertzelt@gmail.com,,0,0,0
nexterp_demo_partner_166,Janusz Ziegert,nexterp_demo_partner_163,0,,Heidrichplatz 893,Eisleben,45681,,base.ro,samira32@soelzer.de,,0,0,0
nexterp_demo_partner_167,Hegedűs Tamás Nyrt.,,1,HU46028819,Szegedi utca 236.,bánya,H-7770,,base.hu,mnagy@takacs.info,58/070-1941,1,1,1
nexterp_demo_partner_168,Herrmann,,1,DE497332684,Pamela-Zobel-Weg 604,Hohenstein-Ernstthal,53574,,base.de,mirjamweihmann@hotmail.de,+49(0)0276 51918,1,0,1
nexterp_demo_partner_169,Hethur,,1,DE800249491,Ruststr. 7,Erfurt,83571,,base.de,theresa11@gmx.de,+49 (0) 1072 394922,1,1,1
nexterp_demo_partner_170,Holzapfel AG  and Co. KG,,1,DE293801897,Plathstraße 682,Sebnitz,90040,,base.de,arnulf38@dowerg.de,+49(0)2625470365,1,0,1
nexterp_demo_partner_171,Horváth Kkt.,,1,HU62800723,Ligetvárosi utca 249.,pilishídapáti,H-1696,,base.hu,lajos88@sarkozi.com.hu,(81)/754-3119,1,0,1
nexterp_demo_partner_172,Horváth Nagy Nyrt.,,1,HU01530500,Tóthidai utca 78.,felsőgyörgyberény,H-2167,,base.hu,orsisnorbert@fekete.net,(06)27/733-8516,1,1,0
nexterp_demo_partner_173,Hren j.d.o.o.,,1,HR14546598501,Jurišićeva 5c,Lipik,85701,,base.hr,qlorencin@t.ht.hr,047 042 232,1,1,0
nexterp_demo_partner_174,Hübel,,1,DE330478673,Scholzstraße 1/4,Lüdenscheid,77325,,base.de,schuelerleokadia@gmail.com,7971269874,1,1,0
nexterp_demo_partner_175,Illés Bt.,,1,HU20131014,Szegedi utca 199.,mosonhátharaszti,H-5332,,base.hu,zsolt02@gal.org,(09)/168-0920,1,0,0
nexterp_demo_partner_176,Ionescu Stănescu PFA,,1,7001402273,Intrarea Tabacu Nr. 37 Bl. 83  Sc. 47 Ap. 777,Pogoanele,884297,base.RO_IS,base.ro,oaanei@zzup.ro,0742 844 501,1,1,1
nexterp_demo_partner_177,Ionescu Toma SCA,,1,8048825168,Soseaua Barbu Nr. 22,Huedin,380311,base.RO_BV,base.ro,eftimieotilia@acasa.ro,0235 800 613,1,0,1
nexterp_demo_partner_178,Ionescu URL,,1,RO7009070803,Bulevardul Ionescu,Tuzla,304636,base.RO_AR,base.ro,nicolae41@post.ro,0736 679 140,0,1,0
nexterp_demo_partner_179,Ioniță Tomescu SCA,,1,RO7245384714,Strada Simina Albu,Sabaoani,979525,base.RO_B,base.ro,voineamarina@gmail.com,0239 874 989,1,1,0
nexterp_demo_partner_180,Ioniță URL,,1,RO2122802458,Aleea Nistor,Diosig,752018,base.RO_AG,base.ro,tomescudaiana@141.ro,0247 529 611,0,1,1
nexterp_demo_partner_181,Jonjić Maletić d.o.o.,,1,HR24173364576,Klanac Grgura Tepečića 1b,Trogir,55862,,base.hr,stefanijailic@t.ht.hr,022 271 991,1,1,1
nexterp_demo_partner_182,Juhász és társa Nyrt.,,1,HU65836701,Györgydevecseri utca 180.,ligetvár,H-2593,,base.hu,apeter@varadi.net,(06)03/497-7194,0,0,1
nexterp_demo_partner_183,Jukić,,1,HR89342905526,Zelengaj 0b,Krk,16628,,base.hr,lanacop@t.ht.hr,022 038 740,1,1,1
nexterp_demo_partner_184,Juncken Stiftung  and Co. KG,,1,DE575993945,Lia-Kroker-Platz 7,Görlitz,14553,,base.de,gutealexandra@googlemail.com,(09100) 60781,1,1,0
nexterp_demo_partner_185,Kiss Zrt.,,1,HU97799748,Mártonbányai tér 76.,Szombathely,H-3150,,base.hu,tiborolah@hotmail.com,(79)/667-8622,1,0,0
nexterp_demo_partner_186,Kiss és Nagy Kkt.,,1,HU01326651,Békéscsabai út 70.,Kaposvár,H-6414,,base.hu,horvathkrisztina@hotmail.com,(26)/429-9593,0,0,1
nexterp_demo_partner_187,Kocsis és Kovács Nyrt.,,1,HU47723892,Pilismindszenti utca 159.,fürdőkőrös,H-3989,,base.hu,dmezei@yahoo.com,+36 16 454-2793,1,0,1
nexterp_demo_partner_188,Kostolzin GmbH,,1,DE627163090,Leopold-Schwital-Weg 01,Wunsiedel,32859,,base.de,roggepiotr@trommler.net,+49 (0) 7092 038338,0,1,1
nexterp_demo_partner_189,Kovács és Balogh Nyrt.,,1,HU05020869,Petőfi sándor sétány 173.,Salgótarján,H-1186,,base.hu,tkiss@hotmail.com,06-8/172 6016,0,0,1
nexterp_demo_partner_190,Kovács és Mészáros Kft.,,1,HU10322480,Szerbfürdői utca 242.,Érd,H-4349,,base.hu,zsolt73@hotmail.com,06-11/222 5426,1,0,1
nexterp_demo_partner_191,Kovács és társa Kkt.,,1,HU41657386,Budapesti utca 132.,kuntamásiháza,H-6085,,base.hu,katalinkozma@kocsis.com.hu,80/482-8926,0,0,1
nexterp_demo_partner_192,Kovács és társa Nyrt.,,1,HU82526986,Németszéki utca 105.,Dunakeszi,H-1072,,base.hu,mariavarga@yahoo.com,+36 47 853-1126,1,0,1
nexterp_demo_partner_193,Dr. Csonkané Tóth Zita Mária,nexterp_demo_partner_192,0,,Hajdúhetveni utca 196.,Dunaújváros,H-8026,,base.ro,skovacs@fodor.com.hu,,0,0,0
nexterp_demo_partner_194,Fazekas Molnár Elemér,nexterp_demo_partner_192,0,,Németszéki utca 105.,Dunakeszi,H-1072,,base.hu,balazsvarga@gmail.com,,0,0,0
nexterp_demo_partner_195,Magyar Krisztián Ákos,nexterp_demo_partner_192,0,,Kossuth utca 109.,mindszentnádasd,H-3602,,base.ro,vhorvath@hotmail.com,,0,0,0
nexterp_demo_partner_196,Kranz,,1,DE122716475,Lübsplatz 4,Staßfurt,82016,,base.de,ingolf25@googlemail.com,00814 939280,0,1,1
nexterp_demo_partner_197,Christof Rust,nexterp_demo_partner_196,0,,Lübsplatz 4,Staßfurt,82016,,base.de,stefania53@aol.de,,0,0,0
nexterp_demo_partner_198,Prof. Gunter Huhn,nexterp_demo_partner_196,0,,Lübsplatz 4,Staßfurt,82016,,base.de,hamannilona@ladeck.de,,0,0,0
nexterp_demo_partner_199,Tanja Fischer B.A.,nexterp_demo_partner_196,0,,Gierschnerallee 43,Schwäbisch Hall,8027,,base.ro,theinrich@scheuermann.de,,0,0,0
nexterp_demo_partner_200,Kuveždić Pedišić j.d.o.o.,,1,HR09312063226,Rokova 6,Donja Stubica,12479,,base.hr,gudeljjanja@vrhovec.net,074 314 889,0,0,0
nexterp_demo_partner_201,Liović,,1,HR20511824196,Mašekova 41,Krapina,63078,,base.hr,lovro63@zg.t-com.hr,047 033 389,1,0,0
nexterp_demo_partner_202,Lovato Odescalchi e Tartini s.r.l.,,1,IT75853390583,Contrada Bacosi 46 Appartamento 93,Perini sardo,8415,base.state_it_cz,base.it,scamiscione@hotmail.com,+39 4009 30567963,1,0,1
nexterp_demo_partner_203,Lukács Tóth Kkt.,,1,HU11386209,Székvárosi út 51.,tótnádasd,H-3364,,base.hu,richard44@hotmail.com,84/361 5300,0,1,1
nexterp_demo_partner_204,Lučić d.d.,,1,HR58856960631,Golubovac 2a/9,Vukovar,13279,,base.hr,erikprtenjaca@vip.hr,048 960 726,1,1,0
nexterp_demo_partner_205,Löffler AG  and Co. OHG,,1,DE610659045,Weimergasse 70,Lörrach,75061,,base.de,stefani97@heydrich.com,+49(0)6802 929053,1,1,1
nexterp_demo_partner_206,Manole Dobre OC1,,1,RO2102198226,Soseaua Paulica Marin,Fundulea,540591,base.RO_TM,base.ro,dochioiuadam@141.ro,0236 273 736,1,0,0
nexterp_demo_partner_207,Manole Dobre URL,,1,9371442078,Soseaua Nistor Nr. 38,Zalau,919021,base.RO_B,base.ro,stoicamihail@acasa.ro,0254 503 693,1,0,0
nexterp_demo_partner_208,Manole Pușcașu URL,,1,RO1080072394,Intrarea Irinel Florea,Remetea,357538,base.RO_VS,base.ro,enita@kappa.ro,0244 444 569,0,1,0
nexterp_demo_partner_209,Manole SA,,1,2394080346,Intrarea Ionescu,Cudalbi,937144,base.RO_VN,base.ro,liviu97@acasa.ro,0721 284 077,1,0,0
nexterp_demo_partner_210,Crina Dinu,nexterp_demo_partner_209,0,,Soseaua Nistor Nr. 705,Zimnicea,676465,base.RO_DB,base.ro,ppreda@141.ro,,0,0,0
nexterp_demo_partner_211,Gheorghiță Dobre,nexterp_demo_partner_209,0,,Bulevardul Diaconescu Nr. 22 Bl. 11  Sc. 17 Ap. 592,Ramnicu Valcea,466097,base.RO_IF,base.ro,enecezar@kappa.ro,,0,0,0
nexterp_demo_partner_212,Ramona Barbu,nexterp_demo_partner_209,0,,Bulevardul Popa Nr. 77 Bl. 26  Sc. 13 Ap. 669,Valea Caselor (Dragasani),149843,base.RO_IS,base.ro,dvoinea@gmail.com,,0,0,0
nexterp_demo_partner_213,Manole SNC,,1,RO8678393838,Bulevardul Mocanu Nr. 44,Seini,923192,base.RO_NT,base.ro,mihaildobre@zzup.ro,0253 438 418,1,1,1
nexterp_demo_partner_214,Manole Stoica LOC,,1,RO6254722837,Intrarea Manole,Odorheiu Secuiesc,254359,base.RO_AB,base.ro,bababei@acasa.ro,0765 218 166,0,1,0
nexterp_demo_partner_215,Manole Toma SPI,,1,RO1251380901,Aleea Tiberiu Cristea Nr. 611,Suceava,457165,base.RO_VL,base.ro,darianapopa@email.ro,0727 538 860,1,1,1
nexterp_demo_partner_216,Manole URL,,1,RO9803694507,Strada Gheorghiu,Calafat,293534,base.RO_VN,base.ro,daciana38@email.ro,0758 845 286,1,0,0
nexterp_demo_partner_217,Marin AFJ,,1,RO1322041168,Aleea Mazilescu Nr. 513,Ineu,710706,base.RO_MM,base.ro,nistormadalina@acasa.ro,0240 715 316,0,1,1
nexterp_demo_partner_218,Marin CRL,,1,7589546725,Intrarea Iacob Voinea Nr. 369 Bl. 17  Sc. 84 Ap. 826,Satu Mare,616949,base.RO_SV,base.ro,barbucostel@acasa.ro,0733 163 873,1,1,0
nexterp_demo_partner_219,Marin Dochioiu SCA,,1,2704236310,Strada Codruț Preda Nr. 10,Simleu Silvaniei,564666,base.RO_VS,base.ro,popescuamelia@gmail.com,0729 159 551,0,1,0
nexterp_demo_partner_220,Marin Mocanu CRL,,1,7299588748,Strada Diaconu Nr. 32 Bl. 37  Sc. 58 Ap. 778,Strehaia,557642,base.RO_BT,base.ro,cnistor@acasa.ro,0241 350 517,1,0,0
nexterp_demo_partner_221,Marin Nemeș SRL,,1,RO4940655747,Drumul Ababei Nr. 381,Ramnicu Sarat,629846,base.RO_MM,base.ro,mmazilescu@gmail.com,0247 918 444,0,0,0
nexterp_demo_partner_222,Marin OC2,,1,3305061383,Bulevardul Ilona Dima Nr. 836 Bl. 82  Sc. 84 Ap. 236,Sinaia,251154,base.RO_SJ,base.ro,opreadorian@post.ro,0740 766 956,0,0,1
nexterp_demo_partner_223,Marin OC3,,1,1642522278,Bulevardul Pușcașu Nr. 68 Bl. 35  Sc. 92 Ap. 653,Targu Jiu,596695,base.RO_VN,base.ro,ionescuhortensia@acasa.ro,0730 100 129,1,1,1
nexterp_demo_partner_224,Marin SCS,,1,3834106869,Aleea Cornel Oprea,Bragadiru,775706,base.RO_DJ,base.ro,puscasumartin@acasa.ro,0731 780 095,0,0,1
nexterp_demo_partner_225,Gicu Ioniță,nexterp_demo_partner_224,0,,Bulevardul Popa Nr. 162 Bl. 75  Sc. 32 Ap. 577,Odorheiu Secuiesc,329796,base.RO_HD,base.ro,waanei@kappa.ro,,0,0,0
nexterp_demo_partner_226,Laurențiu Ionescu,nexterp_demo_partner_224,0,,Soseaua Octavia Mazilescu Nr. 256,Arad,301025,base.RO_BN,base.ro,aureliastan@141.ro,,0,0,0
nexterp_demo_partner_227,Pavel Tomescu,nexterp_demo_partner_224,0,,Soseaua Mocanu,Ovidiu,618084,base.RO_VN,base.ro,romeo91@acasa.ro,,0,0,0
nexterp_demo_partner_228,Silvia Albu,nexterp_demo_partner_224,0,,Drumul Nistor Nr. 94,Codlea,390898,base.RO_MM,base.ro,rmazilescu@kappa.ro,,0,0,0
nexterp_demo_partner_229,Sonia Toma,nexterp_demo_partner_224,0,,Drumul Dinu Nr. 776,Tecuci,865396,base.RO_TM,base.ro,floaredochioiu@kappa.ro,,0,0,0
nexterp_demo_partner_230,Vlad Mocanu,nexterp_demo_partner_224,0,,Bulevardul Mocanu Nr. 964,Reghin,617026,base.RO_PH,base.ro,stoicadespina@gmail.com,,0,0,0
nexterp_demo_partner_231,Mende AG  and Co. KGaA,,1,DE499457656,Dajana-Hahn-Ring 6/0,Füssen,35332,,base.de,ottoreising@googlemail.com,+49(0)0665417545,1,1,0
nexterp_demo_partner_232,Mocanu SCS,,1,2120137421,Intrarea Cipriana Mocanu,Reghin,463095,base.RO_HR,base.ro,kababei@141.ro,0233 725 727,0,0,0
nexterp_demo_partner_233,Delia Stoica,nexterp_demo_partner_232,0,,Strada Tomescu Nr. 633,Fagetel (Remetea),982628,base.RO_TR,base.ro,diaconescufilofteia@zzup.ro,,0,0,0
nexterp_demo_partner_234,Grigore Albu,nexterp_demo_partner_232,0,,Drumul Dochioiu Nr. 12,Slatina,619416,base.RO_PH,base.ro,diaconescuruxanda@gmail.com,,0,0,0
nexterp_demo_partner_235,Sorana Dumitrescu,nexterp_demo_partner_232,0,,Drumul Brăduț Voinea,Ineu,385750,base.RO_MH,base.ro,uflorea@post.ro,,0,0,0
nexterp_demo_partner_236,Mocanu Stoica OC2,,1,RO7746743155,Aleea Ardelean Nr. 37 Bl. 35  Sc. 55 Ap. 758,Valea Caselor (Dragasani),778069,base.RO_CS,base.ro,diaconuxenia@kappa.ro,0261 548 125,1,0,1
nexterp_demo_partner_237,Mocanu Tomescu CON,,1,RO3074378117,Strada Eftimie,Straja,774707,base.RO_GJ,base.ro,ydiaconu@gmail.com,0263 960 951,1,1,0
nexterp_demo_partner_238,Camelia Ardelean,nexterp_demo_partner_237,0,,Soseaua Nistor Nr. 65,Rasinari,394471,base.RO_BN,base.ro,georgescunorman@zzup.ro,,0,0,0
nexterp_demo_partner_239,Lelia Marin,nexterp_demo_partner_237,0,,Aleea Nemeș Nr. 83 Bl. 12  Sc. 10 Ap. 338,Baile Borsa,557521,base.RO_OT,base.ro,nitacasiana@zzup.ro,,0,0,0
nexterp_demo_partner_240,Magdalena Oprea,nexterp_demo_partner_237,0,,Aleea Ioniță Nr. 68,Remetea,658040,base.RO_SM,base.ro,stanescuagnos@post.ro,,0,0,0
nexterp_demo_partner_241,Mocanu URL,,1,RO4683696426,Soseaua Diaconescu Nr. 730 Bl. 72  Sc. 52 Ap. 926,Pogoanele,581363,base.RO_BR,base.ro,floreacasandra@zzup.ro,0711 392 282,0,1,1
nexterp_demo_partner_242,Mohaupt KG,,1,DE599076898,Pölitzring 2,Naila,10140,,base.de,hrogge@schinke.com,(06219) 437569,0,1,1
nexterp_demo_partner_243,Molnár Kht.,,1,HU36405004,Tapolcaváradi utca 150.,felsőszékkövesd,H-8017,,base.hu,kovacsbeata@kiraly.org,06-7/971 8024,1,0,1
nexterp_demo_partner_244,Molnár és Farkas Bt.,,1,HU52957855,Ady endre út 135.,Budapest,H-1772,,base.hu,boglarka97@faragi.org,06-1/341 5403,0,1,0
nexterp_demo_partner_245,Lakatos Dávid,nexterp_demo_partner_244,0,,Drávaháti út 118.,Pécs,H-7745,,base.ro,balogeva@kocsis.org,,0,0,0
nexterp_demo_partner_246,M. Tóth Erzsébet,nexterp_demo_partner_244,0,,Ady endre út 135.,Budapest,H-1772,,base.hu,nhorvath@bodnar.info,,0,0,0
nexterp_demo_partner_247,Tóth A. Rózsa,nexterp_demo_partner_244,0,,Bácsgyörgyi utca 70.,Békéscsaba,H-2889,,base.ro,nagytamas@hotmail.com,,0,0,0
nexterp_demo_partner_248,Mužić,,1,HR84894342008,Dvoranski prečac 6c/1,Ivanec,786,,base.hr,mile88@net.hr,0021 807 326,1,1,0
nexterp_demo_partner_249,Nemeș Florea SRL,,1,6105493250,Bulevardul Niță Nr. 64,Savinesti (Poiana Teiului),587509,base.RO_SJ,base.ro,flaviusuciu@email.ro,0232 392 621,0,0,0
nexterp_demo_partner_250,Nemeș Nemeș SA,,1,7348908070,Intrarea Suciu Nr. 73,Savinesti,296885,base.RO_GR,base.ro,nitaalistar@email.ro,0721 427 819,1,0,0
nexterp_demo_partner_251,Nemeș Nistor SCA,,1,RO2742347273,Soseaua Niță Nr. 27 Bl. 23  Sc. 12 Ap. 395,Giroc,343751,base.RO_GJ,base.ro,nemescamil@zzup.ro,0262 156 210,0,1,1
nexterp_demo_partner_252,Evelina Dumitrescu,nexterp_demo_partner_251,0,,Soseaua Niță Nr. 27 Bl. 23  Sc. 12 Ap. 395,Giroc,343751,base.RO_GJ,base.ro,iosif26@gmail.com,,0,0,0
nexterp_demo_partner_253,Gheorghe Manole,nexterp_demo_partner_251,0,,Strada Diaconescu Nr. 57 Bl. 55  Sc. 90 Ap. 426,Sfantu Gheorghe,942699,base.RO_OT,base.ro,bstoica@acasa.ro,,0,0,0
nexterp_demo_partner_254,Profira Georgescu,nexterp_demo_partner_251,0,,Soseaua Niță Nr. 27 Bl. 23  Sc. 12 Ap. 395,Giroc,343751,base.RO_GJ,base.ro,vicentia40@zzup.ro,,0,0,0
nexterp_demo_partner_255,Nemeș SA,,1,9821051283,Strada Angel Dinu,Vladimirescu,556548,base.RO_MH,base.ro,ilarieababei@post.ro,0251 964 532,1,1,1
nexterp_demo_partner_256,Nemeș Suciu URL,,1,2784464341,Soseaua Pușcașu,Mogosoaia,532614,base.RO_GR,base.ro,icastoica@kappa.ro,021  386 810,1,0,0
nexterp_demo_partner_257,Nemeș URL,,1,RO7325863386,Aleea Eftimie Nr. 521,Domnesti,900446,base.RO_BR,base.ro,nistorseverin@141.ro,0760 616 262,1,0,1
nexterp_demo_partner_258,Catrina Tudor,,0,,Drumul Popa Nr. 300,Schela Cladovei,851107,base.RO_PH,base.ro,kcristea@gmail.com,,0,0,0
nexterp_demo_partner_259,Gică Dochioiu,,0,,Intrarea Toma Nr. 98 Bl. 90  Sc. 77 Ap. 384,Slobozia,964768,base.RO_IF,base.ro,eneeugen@zzup.ro,,0,0,0
nexterp_demo_partner_260,Nicuță Dumitrescu,,0,,Aleea Gheorghiu Nr. 40,Mizil,805023,base.RO_BT,base.ro,xtoma@acasa.ro,,0,0,0
nexterp_demo_partner_261,Nistor CRL,,1,9655195665,Soseaua Voinea,Resita,422133,base.RO_DB,base.ro,dobretinca@gmail.com,0755 440 032,0,0,0
nexterp_demo_partner_262,Nistor Cristea LOC,,1,5942254052,Strada Rafila Nistor Nr. 71,Bocsa,178594,base.RO_OT,base.ro,gianinaababei@141.ro,0726 355 018,1,1,0
nexterp_demo_partner_263,Nistor Dochioiu PFA,,1,RO5672597161,Aleea Dima,Cernavoda,983900,base.RO_BH,base.ro,anabela33@zzup.ro,0739 709 884,0,1,1
nexterp_demo_partner_264,Nistor Dumitrescu OC2,,1,RO2301092081,Bulevardul Luiza Niță Nr. 48 Bl. 40  Sc. 59 Ap. 539,Comanesti,467896,base.RO_DB,base.ro,darius96@zzup.ro,0253 458 455,1,0,1
nexterp_demo_partner_265,Nistor Gheorghiu SCA,,1,8199214075,Strada Toma Nr. 52 Bl. 83  Sc. 93 Ap. 700,Orsova,230057,base.RO_GJ,base.ro,hionescu@post.ro,0769 943 208,1,0,1
nexterp_demo_partner_266,Nistor Ionescu LOC,,1,RO6602759169,Drumul Georgescu Nr. 87 Bl. 69  Sc. 96 Ap. 871,Tarnaveni,946051,base.RO_HD,base.ro,tomescurozalia@post.ro,0751 454 445,0,0,1
nexterp_demo_partner_267,Nistor Ionescu SRL,,1,2768578816,Bulevardul Aurica Pop Nr. 838 Bl. 30  Sc. 34 Ap. 455,Segarcea,238356,base.RO_CS,base.ro,niculina43@kappa.ro,021  852 528,0,1,0
nexterp_demo_partner_268,Nistor Marin RA,,1,RO4819505975,Bulevardul Mazilescu Nr. 28,Arad,559579,base.RO_IF,base.ro,ggeorgescu@zzup.ro,0267 366 923,0,0,1
nexterp_demo_partner_269,Nistor Nemeș OC1,,1,RO2964174689,Aleea Stănescu,Ludus,941544,base.RO_HR,base.ro,cristeamagdalena@acasa.ro,0244 228 635,0,1,0
nexterp_demo_partner_270,Nistor Nemeș SRL,,1,6609739878,Soseaua Nistor,Arad,488254,base.RO_BZ,base.ro,popescuadonis@zzup.ro,0745 135 871,1,1,1
nexterp_demo_partner_271,Nistor Niță INC,,1,RO7628808536,Intrarea Henrieta Eftimie Nr. 53,Otopeni,853733,base.RO_SJ,base.ro,qeftimie@email.ro,0786 939 237,1,1,1
nexterp_demo_partner_272,Nistor Tabacu SCS,,1,RO9051270788,Bulevardul Clementina Nistor Nr. 306,Odorheiu Secuiesc,962098,base.RO_MH,base.ro,tudorpatricia@kappa.ro,0266 487 203,0,1,1
nexterp_demo_partner_273,Nistor Tudor SCS,,1,9556783099,Drumul Ababei Nr. 30,Lugoj,922766,base.RO_CJ,base.ro,mihail05@141.ro,0770 403 535,0,1,1
nexterp_demo_partner_274,Novák Németh Kkt.,,1,HU31999023,Mezőhetveni út 102.,ligetvára,H-3716,,base.hu,qkocsis@gmail.com,06-2/516 8267,0,0,0
nexterp_demo_partner_275,Oliboni SPA,,1,IT01613860566,Stretto Anita 2 Piano 2,Borgo Virginia,24281,base.state_it_te,base.it,smirnofffortunata@doglioni.org,+39 44 1471539,1,1,0
nexterp_demo_partner_276,Oprea SRL,,1,RO6665021231,Aleea Ieremia Diaconescu,Peris,994453,base.RO_BN,base.ro,jstan@kappa.ro,253 xxx xxx,0,0,1
nexterp_demo_partner_277,Bebe Oprea,nexterp_demo_partner_276,0,,Strada Nistor Nr. 697,Draganesti-Olt,431212,base.RO_IF,base.ro,rdiaconescu@post.ro,,0,0,0
nexterp_demo_partner_278,Denis Cristea,nexterp_demo_partner_276,0,,Drumul Marin Nr. 650,Negresti-Oas,785609,base.RO_CT,base.ro,aaneijanina@zzup.ro,,0,0,0
nexterp_demo_partner_279,Niculina Cristea,nexterp_demo_partner_276,0,,Strada Haralambie Georgescu Nr. 21 Bl. 42  Sc. 80 Ap. 371,Turda,538545,base.RO_AG,base.ro,dochioiuolimpiu@email.ro,,0,0,0
nexterp_demo_partner_280,Norica Dochioiu,nexterp_demo_partner_276,0,,Aleea Pop Nr. 304,Modelu,109377,base.RO_CV,base.ro,ludmilaionita@post.ro,,0,0,0
nexterp_demo_partner_281,Valeria Preda,nexterp_demo_partner_276,0,,Soseaua Dinu,Curtici,818247,base.RO_SV,base.ro,ctudor@gmail.com,,0,0,0
nexterp_demo_partner_282,Vicențiu Diaconescu,nexterp_demo_partner_276,0,,Strada Barbu Nr. 544 Bl. 30  Sc. 78 Ap. 668,Valea lui Mihai,854486,base.RO_HR,base.ro,ioanaionita@post.ro,,0,0,0
nexterp_demo_partner_283,Paltrinieri Basadonna e Pace SPA,,1,IT34940230567,Canale Carocci 273 Piano 0,Settimo Giacobbe,7648,base.state_it_fc,base.it,nabatantuono@tele2.it,+39 3053 6520100,0,1,1
nexterp_demo_partner_284,Panicucci-Romiti SPA,,1,IT67980230147,Strada Vincentio 132 Piano 3,Borgo Anita salentino,96541,base.state_it_pc,base.it,wpugliese@bertoli.net,+39 3926 81698076,0,1,1
nexterp_demo_partner_285,Pap és Pál Bt.,,1,HU25533772,Nagykanizsai utca 45.,hátvár,H-3898,,base.hu,istvan87@szucs.info,18/229 8289,0,0,0
nexterp_demo_partner_286,Pataki Kft.,,1,HU90316634,Somogyháti utca 158.,devecser,H-4621,,base.hu,szilvia34@yahoo.com,+36 60 771-7695,0,1,1
nexterp_demo_partner_287,Balogh Anita,nexterp_demo_partner_286,0,,Ligethidai utca 194.,mátramindszentkőrös,H-9048,,base.ro,adam75@gmail.com,,0,0,0
nexterp_demo_partner_288,Dr. Fazekas Ilona Katalin,nexterp_demo_partner_286,0,,Ligetváradi utca 58.,Miskolc,H-4494,,base.ro,iszalai@yahoo.com,,0,0,0
nexterp_demo_partner_289,É. Hegedüs Szilvia,nexterp_demo_partner_286,0,,Szenttamásii utca 75.,Székesfehérvár,H-9142,,base.ro,deakferenc@szabi.org,,0,0,0
nexterp_demo_partner_290,Pintér Oláh Kht.,,1,HU92741609,Arany jános út 225.,Kaposvár,H-7617,,base.hu,juhaszzoltan@hotmail.com,0(06 677 956,0,0,0
nexterp_demo_partner_291,Plantak Hrastinski d.o.o.,,1,HR92319868194,Bosanska 3c,Šibenik,43886,,base.hr,xharapin@liber.com.hr,0021 250 221,1,0,1
nexterp_demo_partner_292,Pop CRL,,1,RO4054086146,Aleea Preda,Gugesti,117891,base.RO_CL,base.ro,tudor75@gmail.com,0736 114 386,0,0,1
nexterp_demo_partner_293,Olivia Popa,nexterp_demo_partner_292,0,,Intrarea Tudor Nr. 177 Bl. 64  Sc. 44 Ap. 329,Salonta,373729,base.RO_DJ,base.ro,vetanemes@email.ro,,0,0,0
nexterp_demo_partner_294,Todor Nistor,nexterp_demo_partner_292,0,,Drumul Albu Nr. 849,Schela Cladovei,717418,base.RO_CV,base.ro,vcristea@acasa.ro,,0,0,0
nexterp_demo_partner_295,Vera Stănescu,nexterp_demo_partner_292,0,,Bulevardul Sava Voinea Nr. 83,Cornetu,125156,base.RO_IF,base.ro,isabelamarin@acasa.ro,,0,0,0
nexterp_demo_partner_296,Pop Cristea ASF,,1,RO2152643281,Soseaua Emanuel Ionescu Nr. 56 Bl. 30  Sc. 11 Ap. 911,Insuratei,619477,base.RO_MH,base.ro,zpopa@post.ro,0770 224 441,1,0,1
nexterp_demo_partner_297,Pop Dochioiu OC2,,1,RO1433814396,Soseaua Ludovica Florea Nr. 110 Bl. 32  Sc. 16 Ap. 640,Buzau,639739,base.RO_OT,base.ro,antoaneta82@post.ro,0730 424 576,1,1,1
nexterp_demo_partner_298,Pop SCS,,1,9211404342,Drumul Preda Nr. 51 Bl. 66  Sc. 92 Ap. 531,Macin,789589,base.RO_PH,base.ro,tabacufelix@post.ro,0260 871 328,1,0,0
nexterp_demo_partner_299,Adelin Popa,nexterp_demo_partner_298,0,,Bulevardul Ioniță Nr. 69 Bl. 64  Sc. 38 Ap. 356,Teius,184114,base.RO_CV,base.ro,marinilona@post.ro,,0,0,0
nexterp_demo_partner_300,Alexe Nistor,nexterp_demo_partner_298,0,,Drumul Tudor Nr. 751 Bl. 51  Sc. 73 Ap. 934,Sebis,356830,base.RO_NT,base.ro,gheorghiuilie@acasa.ro,,0,0,0
nexterp_demo_partner_301,Draga Voinea,nexterp_demo_partner_298,0,,Strada Ionescu Nr. 304,Strehaia,726916,base.RO_MH,base.ro,cmanole@gmail.com,,0,0,0
nexterp_demo_partner_302,Pop SRL,,1,9591554999,Bulevardul Aurica Cristea Nr. 294,Adjud,383449,base.RO_BZ,base.ro,mvoinea@acasa.ro,0768 295 599,1,0,0
nexterp_demo_partner_303,Pop Stancu CON,,1,6457408733,Strada Lucrețiu Dobre Nr. 351 Bl. 29  Sc. 44 Ap. 311,Gherla,399933,base.RO_BZ,base.ro,filofteia67@gmail.com,0753 191 035,0,1,1
nexterp_demo_partner_304,Popa Niță CRL,,1,5213957417,Soseaua Pușcașu Nr. 53 Bl. 85  Sc. 13 Ap. 402,Targoviste,780018,base.RO_DB,base.ro,hcristea@gmail.com,0729 887 523,1,1,0
nexterp_demo_partner_305,Popa OC3,,1,9259402672,Soseaua Ionescu Nr. 74 Bl. 38  Sc. 33 Ap. 362,Eforie Nord,632079,base.RO_AR,base.ro,opreamaxim@kappa.ro,0231 613 794,0,0,0
nexterp_demo_partner_306,Popa Suciu SPI,,1,RO7542695879,Intrarea Popescu Nr. 53,Balotesti,987828,base.RO_CJ,base.ro,pnistor@acasa.ro,0745 473 371,1,1,0
nexterp_demo_partner_307,Popa Tabacu INC,,1,RO4177489143,Strada Bogdana Pușcașu Nr. 89,Tudora,898808,base.RO_BR,base.ro,octavalbu@gmail.com,0754 684 588,1,1,0
nexterp_demo_partner_308,Popescu Ababei SNC,,1,RO2215693035,Soseaua Ababei Nr. 50 Bl. 52  Sc. 60 Ap. 346,Gugesti,778651,base.RO_BC,base.ro,tomahortensia@acasa.ro,0767 123 256,1,1,1
nexterp_demo_partner_309,Popescu CON,,1,RO5943871463,Aleea Barbu Nr. 12 Bl. 96  Sc. 40 Ap. 830,Savinesti,466265,base.RO_MM,base.ro,ginaaanei@gmail.com,0730 904 299,0,1,1
nexterp_demo_partner_310,Popescu PFA,,1,RO6901184310,Strada Popescu,Mangalia,609327,base.RO_CL,base.ro,dana61@email.ro,0784 923 686,1,1,1
nexterp_demo_partner_311,Popescu Tabacu ASF,,1,RO1317954309,Aleea Popescu Nr. 11,Rosu,736190,base.RO_B,base.ro,ceciliaababei@141.ro,0236 951 885,1,0,0
nexterp_demo_partner_312,David Dumitrescu,nexterp_demo_partner_311,0,,Bulevardul Tomescu Nr. 122 Bl. 89  Sc. 45 Ap. 332,Jimbolia,176672,base.RO_MM,base.ro,dochioiuleordean@gmail.com,,0,0,0
nexterp_demo_partner_313,Emanoil Diaconu,nexterp_demo_partner_311,0,,Drumul Dima Nr. 66,Ianca,550612,base.RO_OT,base.ro,carinagheorghiu@141.ro,,0,0,0
nexterp_demo_partner_314,Giorgiana Barbu,nexterp_demo_partner_311,0,,Aleea Albu,Harsova,974756,base.RO_AR,base.ro,cristeamihnea@acasa.ro,,0,0,0
nexterp_demo_partner_315,Popescu URL,,1,RO9285624481,Bulevardul Tudor,Podu Iloaiei,963412,base.RO_VN,base.ro,nstoica@kappa.ro,0232 826 466,0,0,0
nexterp_demo_partner_316,Preda Niță SCA,,1,RO5072471372,Soseaua Ioniță,Rasnov Romacril,652194,base.RO_VL,base.ro,suciumarioara@gmail.com,0780 704 577,1,0,0
nexterp_demo_partner_317,Preda SCS,,1,RO1584128568,Soseaua Dochioiu Nr. 49 Bl. 61  Sc. 44 Ap. 878,Vicovu de Jos,395854,base.RO_SB,base.ro,consuela00@acasa.ro,0788 527 588,0,1,1
nexterp_demo_partner_318,Preda Tabacu SPI,,1,3864537707,Soseaua Dima Nr. 971,Zalau,383973,base.RO_HD,base.ro,udochioiu@kappa.ro,0766 667 867,1,1,1
nexterp_demo_partner_319,Preda URL,,1,RO3340874783,Strada Antoaneta Tudor Nr. 474 Bl. 38  Sc. 64 Ap. 904,Campia Turzii,612493,base.RO_MH,base.ro,inocentiutomescu@email.ro,0262 113 496,0,1,1
nexterp_demo_partner_320,Pușcașu ASF,,1,3351575086,Intrarea Sânziana Stoica,Campulung,651783,base.RO_TL,base.ro,fdima@gmail.com,0240 697 226,0,0,0
nexterp_demo_partner_321,Pușcașu Dima SRL,,1,RO4163015077,Intrarea Nistor Nr. 98,Radauti,250341,base.RO_GR,base.ro,edgar52@zzup.ro,0233 897 463,0,1,1
nexterp_demo_partner_322,Flavia Niță,nexterp_demo_partner_321,0,,Bulevardul Diaconescu Nr. 734 Bl. 65  Sc. 37 Ap. 600,Tecuci,228420,base.RO_TM,base.ro,milena75@gmail.com,,0,0,0
nexterp_demo_partner_323,Magdalena Georgescu,nexterp_demo_partner_321,0,,Intrarea Nistor Nr. 98,Radauti,250341,base.RO_GR,base.ro,sgeorgescu@gmail.com,,0,0,0
nexterp_demo_partner_324,Mona Pop,nexterp_demo_partner_321,0,,Strada Eliana Marin Nr. 383,Ludus,661004,base.RO_CJ,base.ro,ica05@141.ro,,0,0,0
nexterp_demo_partner_325,Pușcașu Georgescu INC,,1,1884167130,Drumul Stănescu,Zalau,985671,base.RO_BN,base.ro,oprealazar@141.ro,0748 586 670,0,1,1
nexterp_demo_partner_326,Pușcașu Nemeș SA,,1,RO6172002758,Bulevardul Stoica,Babadag,285470,base.RO_TR,base.ro,augustinadiaconu@post.ro,0734 484 391,0,0,0
nexterp_demo_partner_327,Pușcașu Nistor RA,,1,RO7582521847,Strada Dan Suciu,Otelu Rosu,977365,base.RO_MS,base.ro,imarin@post.ro,0724 519 764,0,1,0
nexterp_demo_partner_328,Pușcașu Oprea SCA,,1,RO4591786176,Strada Lorin Tudor,Slatina,951891,base.RO_SV,base.ro,rflorea@acasa.ro,0721 581 728,1,0,1
nexterp_demo_partner_329,Florența Diaconescu,nexterp_demo_partner_328,0,,Strada Lorin Tudor,Slatina,951891,base.RO_SV,base.ro,nemesolimpiu@post.ro,,0,0,0
nexterp_demo_partner_330,Iuliana Voinea,nexterp_demo_partner_328,0,,Intrarea Eftimie Nr. 58,Cobadin,220811,base.RO_MS,base.ro,iustincristea@zzup.ro,,0,0,0
nexterp_demo_partner_331,Jan Tabacu,nexterp_demo_partner_328,0,,Drumul Zaharia Popa,Targu Secuiesc,773266,base.RO_CV,base.ro,albulazar@post.ro,,0,0,0
nexterp_demo_partner_332,Pușcașu PFA,,1,RO9861701601,Bulevardul Eftimia Tabacu Nr. 44 Bl. 49  Sc. 97 Ap. 753,Pantelimon,570572,base.RO_VL,base.ro,albucezar@post.ro,0735 626 999,1,0,0
nexterp_demo_partner_333,Anghel Florea,nexterp_demo_partner_332,0,,Bulevardul Niculiță Niță Nr. 21 Bl. 73  Sc. 86 Ap. 854,Popesti-Leordeni,958050,base.RO_IL,base.ro,fflorea@gmail.com,,0,0,0
nexterp_demo_partner_334,Cezar Oprea,nexterp_demo_partner_332,0,,Bulevardul Eftimia Tabacu Nr. 44 Bl. 49  Sc. 97 Ap. 753,Pantelimon,570572,base.RO_VL,base.ro,ivanmocanu@post.ro,,0,0,0
nexterp_demo_partner_335,Silvana Preda,nexterp_demo_partner_332,0,,Bulevardul Eftimia Tabacu Nr. 44 Bl. 49  Sc. 97 Ap. 753,Pantelimon,570572,base.RO_VL,base.ro,ancutastanescu@zzup.ro,,0,0,0
nexterp_demo_partner_336,Pușcașu SNC,,1,1618434912,Soseaua Ioniță Nr. 552 Bl. 48  Sc. 92 Ap. 610,Comanesti,489534,base.RO_MH,base.ro,qgeorgescu@email.ro,0267 477 583,1,1,1
nexterp_demo_partner_337,Pușcașu SPI,,1,RO6154776203,Aleea Ene Nr. 827 Bl. 77  Sc. 81 Ap. 259,Radauti,340039,base.RO_VS,base.ro,diaconucodrin@gmail.com,0721 322 198,0,1,1
nexterp_demo_partner_338,Daniela Oprea,nexterp_demo_partner_337,0,,Strada Dobre,Eforie Nord,407463,base.RO_BN,base.ro,upreda@zzup.ro,,0,0,0
nexterp_demo_partner_339,Felicia Tomescu,nexterp_demo_partner_337,0,,Strada Diaconescu Nr. 62,Lugoj,897741,base.RO_B,base.ro,ortansa69@acasa.ro,,0,0,0
nexterp_demo_partner_340,Jeana Dumitrescu,nexterp_demo_partner_337,0,,Intrarea Florea,Pancota,333365,base.RO_IS,base.ro,fnita@post.ro,,0,0,0
nexterp_demo_partner_341,Pál és Kovács Kkt.,,1,HU02890278,Mártonbányai utca 59.,Miskolc,H-1273,,base.hu,belabalog@gmail.com,18/467-3625,1,1,1
nexterp_demo_partner_342,Radin,,1,HR02671100825,Zelengaj 2b,Metković,84044,,base.hr,tmaras@zagreb.hr,060 337 083,0,1,0
nexterp_demo_partner_343,Antun Šturlan,nexterp_demo_partner_342,0,,Jurkovićeva 6a/3,Pregrada,65937,,base.ro,otonc@zagreb.hr,,0,0,0
nexterp_demo_partner_344,Božena Soldo,nexterp_demo_partner_342,0,,Zelenjak 744,Zaprešić,59995,,base.ro,gmuzina@plantek.org,,0,0,0
nexterp_demo_partner_345,Jana Perkov,nexterp_demo_partner_342,0,,Perivoj biskupa Stjepana II. 623,Opatija,99328,,base.ro,leoncvetnic@krajcar.net,,0,0,0
nexterp_demo_partner_346,Raguž,,1,HR37854880217,Gračanska 6b,Velika Gorica,30910,,base.hr,perosakac@zagreb.hr,091 7005 332,1,1,0
nexterp_demo_partner_347,Rukavina,,1,HR95653995091,Vrazovo šetalište 9c/9,Omiš,76896,,base.hr,stanicjosipa@antolkovic.net,074 247 357,0,1,1
nexterp_demo_partner_348,Rust,,1,DE436574551,Häringgasse 731,Sonneberg,68957,,base.de,walther07@yahoo.de,(05910) 003957,1,1,0
nexterp_demo_partner_349,Röhrdanz Schleich AG,,1,DE771321356,Adele-Stoll-Allee 6,Stollberg,15954,,base.de,radmila33@aol.de,(06013) 682639,1,0,0
nexterp_demo_partner_350,Scalera Gelli e Garobbio e figli,,1,IT17542150333,Viale Dina 9 Appartamento 21,San Manuel del friuli,51290,base.state_it_cn,base.it,halbertini@fastwebnet.it,+39 6682 3201093,1,1,0
nexterp_demo_partner_351,Segebahn Franke GmbH  and Co. OHG,,1,DE636020470,Margrafgasse 004,Parchim,66740,,base.de,liane42@graf.org,08080 336270,0,0,0
nexterp_demo_partner_352,Simon Nyrt.,,1,HU64150990,Bajai utca 70.,kunfürdőhida,H-5413,,base.hu,gabriella60@balog.hu,(56)/893-9530,0,1,0
nexterp_demo_partner_353,Simon és társa Kkt.,,1,HU50497788,Petőfi utca 27.,tamásivára,H-9241,,base.hu,mariannaszabi@kovacs.net,(06)29/964-6728,0,1,0
nexterp_demo_partner_354,Sirotić d.o.o.,,1,HR53646204819,Splavnica 5c,Knin,45811,,base.hr,dizdaralen@net.hr,053 379 724,0,0,0
nexterp_demo_partner_355,Stan,,1,4700341884,Bulevardul Stănescu Nr. 531 Bl. 69  Sc. 54 Ap. 612,Dorohoi,517423,base.RO_TM,base.ro,vionita@zzup.ro,0735 638 757,1,0,1
nexterp_demo_partner_356,Stan,,1,RO3929292558,Aleea Geanina Dumitrescu Nr. 95,Arad,395596,base.RO_BR,base.ro,beniamin31@acasa.ro,0260 180 055,0,0,1
nexterp_demo_partner_357,Stan Dochioiu SA,,1,3232006658,Bulevardul Nae Stoica Nr. 73,Bosanci,881325,base.RO_TR,base.ro,ivona91@gmail.com,0748 861 374,0,1,1
nexterp_demo_partner_358,Stan Dumitrescu OC1,,1,RO9339807820,Soseaua Mazilescu Nr. 132,Moreni,764717,base.RO_IS,base.ro,ppop@zzup.ro,0733 817 186,0,1,1
nexterp_demo_partner_359,Stan Eftimie SNC,,1,RO6505864490,Soseaua Iuliana Nistor Nr. 90 Bl. 14  Sc. 55 Ap. 164,Galati,769754,base.RO_GL,base.ro,tpopa@acasa.ro,0731 889 380,1,0,0
nexterp_demo_partner_360,Stan Manole URL,,1,5693488680,Drumul Tudor,Gugesti,931892,base.RO_SB,base.ro,hpopescu@kappa.ro,0239 643 090,0,0,1
nexterp_demo_partner_361,Stan OC1,,1,4260256858,Intrarea Barbu Nr. 162,Barbulesti,979255,base.RO_BR,base.ro,xoprea@acasa.ro,0754 328 799,0,0,1
nexterp_demo_partner_362,Stan OC2,,1,2821385148,Bulevardul Dafina Ioniță Nr. 75 Bl. 29  Sc. 78 Ap. 754,Targu Lapus,217558,base.RO_BN,base.ro,beatriceionescu@141.ro,0740 855 311,0,0,0
nexterp_demo_partner_363,Stan Pop PFA,,1,RO1835976493,Soseaua Demetra Gheorghiu Nr. 26,Nadlac,570661,base.RO_CT,base.ro,salomea15@141.ro,0763 247 466,1,0,0
nexterp_demo_partner_364,Stan SPI,,1,8752295769,Drumul Stan Nr. 716 Bl. 86  Sc. 49 Ap. 868,Caransebes,558249,base.RO_TR,base.ro,cleopatranistor@post.ro,0761 827 217,1,0,0
nexterp_demo_partner_365,Stancu,,1,RO9560743360,Soseaua Speranța Diaconescu Nr. 172 Bl. 74  Sc. 82 Ap. 474,Negresti,892459,base.RO_SB,base.ro,popescuiasmina@acasa.ro,0269 209 962,1,1,1
nexterp_demo_partner_366,Stancu,,1,RO9062879906,Soseaua Nemeș Nr. 514 Bl. 65  Sc. 30 Ap. 247,Babadag,763765,base.RO_BR,base.ro,oana33@acasa.ro,0244 571 583,0,1,0
nexterp_demo_partner_367,Stancu Dima SCS,,1,RO7446629740,Aleea Georgian Barbu Nr. 32,Homocea,153983,base.RO_SM,base.ro,wpopa@141.ro,0244 166 990,1,1,1
nexterp_demo_partner_368,Stancu Ene SCA,,1,8630846470,Strada Smaranda Stănescu Nr. 817 Bl. 84  Sc. 55 Ap. 226,Darabani,919190,base.RO_GR,base.ro,gpuscasu@acasa.ro,0728 380 481,0,0,1
nexterp_demo_partner_369,Stancu Florea OC1,,1,6411078211,Aleea Dumitrescu,Cudalbi,319843,base.RO_BH,base.ro,mariucastancu@email.ro,0234 292 169,1,0,1
nexterp_demo_partner_370,Agata Stancu,nexterp_demo_partner_369,0,,Aleea Nicu Preda,Valea Mare (Negresti),672534,base.RO_MH,base.ro,diaconescuroxana@acasa.ro,,0,0,0
nexterp_demo_partner_371,Aneta Florea,nexterp_demo_partner_369,0,,Intrarea Dobre Nr. 923 Bl. 97  Sc. 85 Ap. 898,Copsa Mica,290135,base.RO_AR,base.ro,tudorcorneliu@email.ro,,0,0,0
nexterp_demo_partner_372,Aurică Georgescu,nexterp_demo_partner_369,0,,Aleea Iris Dochioiu Nr. 667 Bl. 96  Sc. 20 Ap. 798,Medias,296808,base.RO_CV,base.ro,stoicaamalia@email.ro,,0,0,0
nexterp_demo_partner_373,Stancu Ioniță RA,,1,RO6108304126,Soseaua Ardelean,Lupeni,525266,base.RO_CV,base.ro,dobrezeno@acasa.ro,0740 332 789,1,0,0
nexterp_demo_partner_374,Stancu Marin OC3,,1,3458579501,Aleea Nistor Nr. 58,Videle,746646,base.RO_BZ,base.ro,adinatudor@141.ro,0233 163 351,1,1,0
nexterp_demo_partner_375,Stancu Niță SCA,,1,RO6828155043,Intrarea Dochioiu,Lumina,549190,base.RO_MH,base.ro,yionescu@kappa.ro,0734 534 238,1,1,0
nexterp_demo_partner_376,Stancu PFA,,1,RO6989965330,Bulevardul Stancu,Mangalia,357832,base.RO_DJ,base.ro,qstoica@141.ro,0748 867 838,1,0,0
nexterp_demo_partner_377,Stancu Pop SCA,,1,RO5871405331,Aleea Gheorghe Nistor Nr. 645,Draganesti-Olt,385097,base.RO_OT,base.ro,darianadochioiu@kappa.ro,0248 384 479,0,0,0
nexterp_demo_partner_378,Stancu SPI,,1,6320506222,Intrarea Marin Nr. 66 Bl. 95  Sc. 97 Ap. 357,Ianca,404961,base.RO_NT,base.ro,qdumitrescu@post.ro,0243 732 103,1,1,1
nexterp_demo_partner_379,Irinel Oprea,nexterp_demo_partner_378,0,,Aleea Aneta Tudor,Sacele,994639,base.RO_AB,base.ro,felix73@gmail.com,,0,0,0
nexterp_demo_partner_380,Lelia Diaconescu,nexterp_demo_partner_378,0,,Intrarea Marin Nr. 66 Bl. 95  Sc. 97 Ap. 357,Ianca,404961,base.RO_NT,base.ro,nistortinca@kappa.ro,,0,0,0
nexterp_demo_partner_381,Xenia Stănescu,nexterp_demo_partner_378,0,,Aleea Pușcașu,Rosu,398256,base.RO_CT,base.ro,nistoriustin@141.ro,,0,0,0
nexterp_demo_partner_382,Stancu SRL,,1,7155172047,Drumul Dinu Nr. 90 Bl. 70  Sc. 48 Ap. 107,Tecuci,399209,base.RO_OT,base.ro,ilarion32@zzup.ro,0771 803 672,1,0,1
nexterp_demo_partner_383,Stancu Toma SCS,,1,8777052820,Intrarea Eleonora Pușcașu Nr. 29 Bl. 98  Sc. 37 Ap. 424,Tomesti,722524,base.RO_CL,base.ro,soprea@email.ro,0753 194 332,1,0,1
nexterp_demo_partner_384,Stancu Tomescu SA,,1,3046157471,Strada Preda,Popesti-Leordeni,559270,base.RO_HR,base.ro,predalaurentiu@kappa.ro,0740 209 028,1,1,1
nexterp_demo_partner_385,Stein Satriani e Gentileschi Group,,1,IT79099120648,Strada Peranda 9 Appartamento 99,Turci ligure,47323,base.state_it_fi,base.it,goffredo69@hotmail.com,+39 198 2595430,0,0,0
nexterp_demo_partner_386,Steinberg Hahn GmbH,,1,DE568476986,Lore-Reising-Straße 3/4,Mellrichstadt,57253,,base.de,schmidtrosalinde@auch.net,03029 83828,1,1,0
nexterp_demo_partner_387,Dipl.-Ing. Hannelore Preiß,nexterp_demo_partner_386,0,,Dora-Jacobi Jäckel-Allee 8,Magdeburg,82695,,base.ro,mosemannsibilla@wiek.de,,0,0,0
nexterp_demo_partner_388,Friedl Pruschke-Grein Groth,nexterp_demo_partner_386,0,,Emanuel-Bien-Allee 0,Monschau,70984,,base.ro,rlorch@kaul.com,,0,0,0
nexterp_demo_partner_389,Sonja Schuster B.Sc.,nexterp_demo_partner_386,0,,Gumprichgasse 5/5,Angermünde,59781,,base.ro,hinrichheydrich@aol.de,,0,0,0
nexterp_demo_partner_390,Stoica,,1,RO6302367320,Intrarea Ene Nr. 648,Sannicolau Mare,670952,base.RO_HR,base.ro,marinfrancesca@141.ro,0268 327 821,0,1,1
nexterp_demo_partner_391,Stoica Ardelean OC2,,1,6646873741,Bulevardul Mocanu Nr. 203,Savinesti (Poiana Teiului),105234,base.RO_NT,base.ro,eftimietania@zzup.ro,0232 869 871,0,1,1
nexterp_demo_partner_392,Stoica Diaconu SCS,,1,1647470773,Strada Ionescu Nr. 792 Bl. 44  Sc. 98 Ap. 936,Craiova,150586,base.RO_TR,base.ro,gdinu@kappa.ro,0244 499 248,1,0,1
nexterp_demo_partner_393,Stoica Mocanu SA,,1,RO9545081072,Strada Stan Nr. 449,Ploiesti,714435,base.RO_DB,base.ro,mnistor@zzup.ro,0264 259 629,1,0,0
nexterp_demo_partner_394,Stoica Nistor OC1,,1,8679275881,Intrarea Pușcașu Nr. 35,Lunca Cetatuii,995006,base.RO_VL,base.ro,ababeicornel@gmail.com,0734 340 801,1,1,1
nexterp_demo_partner_395,Stoica OC3,,1,RO8667588230,Soseaua Niță,Slobozia,717608,base.RO_DB,base.ro,knita@post.ro,0248 468 360,0,1,0
nexterp_demo_partner_396,Stoica SRL,,1,6627966968,Bulevardul Georgescu,Lugoj,151541,base.RO_SB,base.ro,dinulorelei@kappa.ro,0246 545 452,0,0,0
nexterp_demo_partner_397,Stoica Tudor SA,,1,7195260962,Drumul Dobre Nr. 605 Bl. 67  Sc. 17 Ap. 780,Babadag,821687,base.RO_BN,base.ro,puscasuvioleta@kappa.ro,0239 191 801,1,0,1
nexterp_demo_partner_398,Stănescu Ababei SCA,,1,RO4252607206,Intrarea Viviana Gheorghiu,Husi,886556,base.RO_B,base.ro,luminita09@email.ro,0748 759 847,0,1,0
nexterp_demo_partner_399,Stănescu Barbu ASF,,1,RO7189582289,Strada Eugen Niță,Rodna,658675,base.RO_DB,base.ro,leopoldina47@zzup.ro,0727 656 298,1,0,1
nexterp_demo_partner_400,Stănescu Barbu SA,,1,8471485011,Strada Ionel Dochioiu Nr. 209,Murfatlar,553306,base.RO_BV,base.ro,lgeorgescu@acasa.ro,0736 594 753,0,0,1
nexterp_demo_partner_401,Stănescu Mocanu LOC,,1,3038638970,Bulevardul Voinea Nr. 81,Blaj,712011,base.RO_NT,base.ro,tdima@141.ro,0731 603 912,0,1,1
nexterp_demo_partner_402,Stănescu PFA,,1,4301521849,Intrarea Stănescu,Pogoanele,923517,base.RO_HR,base.ro,cristealeana@141.ro,0732 427 451,0,1,0
nexterp_demo_partner_403,Ioanina Stan,nexterp_demo_partner_402,0,,Intrarea Stănescu,Pogoanele,923517,base.RO_HR,base.ro,severindobre@gmail.com,,0,0,0
nexterp_demo_partner_404,Marinela Ionescu,nexterp_demo_partner_402,0,,Soseaua Ionescu,Targu Frumos,583169,base.RO_SJ,base.ro,barbuvioleta@email.ro,,0,0,0
nexterp_demo_partner_405,Svetlana Eftimie,nexterp_demo_partner_402,0,,Soseaua Stoica Nr. 21,Rodna,732220,base.RO_SM,base.ro,lmarin@kappa.ro,,0,0,0
nexterp_demo_partner_406,Stănescu SNC,,1,8843922058,Drumul Anamaria Stancu Nr. 479,Tufesti,277199,base.RO_NT,base.ro,tomescuvera@zzup.ro,0245 622 089,0,1,1
nexterp_demo_partner_407,Stănescu SPI,,1,RO7293449171,Drumul Manole Nr. 68,Cugir,750025,base.RO_TL,base.ro,mazilescuanda@email.ro,0249 792 762,0,0,1
nexterp_demo_partner_408,Stănescu URL,,1,5953351824,Drumul Ardelean,Targu Secuiesc,699819,base.RO_TM,base.ro,raducustoica@email.ro,0254 574 198,1,1,1
nexterp_demo_partner_409,Brăduț Georgescu,,0,,Strada Dochioiu Nr. 493 Bl. 96  Sc. 13 Ap. 477,Targoviste,239109,base.RO_BV,base.ro,jmarin@zzup.ro,,0,0,0
nexterp_demo_partner_410,Costin Niță,,0,,Strada Dochioiu Nr. 749,Gugesti,755825,base.RO_VS,base.ro,octaviudiaconu@kappa.ro,,0,0,0
nexterp_demo_partner_411,Florentina Tudor,,0,,Intrarea Toma,Mogosoaia,530506,base.RO_HR,base.ro,tomadorel@post.ro,,0,0,0
nexterp_demo_partner_412,Suciu Cristea URL,,1,RO1257286661,Bulevardul Ionescu Nr. 49 Bl. 49  Sc. 40 Ap. 608,Zarnesti,273764,base.RO_AG,base.ro,florentinaionita@zzup.ro,0250 940 815,0,1,1
nexterp_demo_partner_413,Suciu Dima SA,,1,RO3306834878,Strada Anastasia Ionescu,Alba Iulia,305028,base.RO_AB,base.ro,stanescuamedeu@post.ro,0770 785 008,1,0,1
nexterp_demo_partner_414,Adina Suciu,nexterp_demo_partner_413,0,,Strada Anastasia Ionescu,Alba Iulia,305028,base.RO_AB,base.ro,vladelina27@email.ro,,0,0,0
nexterp_demo_partner_415,Bernard Pop,nexterp_demo_partner_413,0,,Intrarea Florea Nr. 65,Giurgiu,244805,base.RO_IS,base.ro,bpopescu@zzup.ro,,0,0,0
nexterp_demo_partner_416,Panait Tomescu,nexterp_demo_partner_413,0,,Bulevardul Cristea Nr. 68 Bl. 17  Sc. 58 Ap. 697,Pechea,991427,base.RO_GR,base.ro,teodorionita@acasa.ro,,0,0,0
nexterp_demo_partner_417,Suciu Georgescu OC1,,1,3011067481,Drumul Tudor,Medgidia,818239,base.RO_BH,base.ro,eftimieivona@zzup.ro,0269 254 700,1,1,1
nexterp_demo_partner_418,Delia Voinea,nexterp_demo_partner_417,0,,Drumul Dochioiu,Marghita,581047,base.RO_IL,base.ro,qtomescu@gmail.com,,0,0,0
nexterp_demo_partner_419,Ilona Manole,nexterp_demo_partner_417,0,,Drumul Tudor,Medgidia,818239,base.RO_BH,base.ro,barburomeo@email.ro,,0,0,0
nexterp_demo_partner_420,Octaviana Popa,nexterp_demo_partner_417,0,,Bulevardul Manole Nr. 324,Talmaciu,998763,base.RO_BT,base.ro,toprea@email.ro,,0,0,0
nexterp_demo_partner_421,Suciu LOC,,1,RO7489542426,Intrarea Nemeș Nr. 112 Bl. 21  Sc. 32 Ap. 810,Mioveni,988114,base.RO_VN,base.ro,maanei@post.ro,0735 724 486,1,1,0
nexterp_demo_partner_422,Dafina Preda,nexterp_demo_partner_421,0,,Intrarea Nemeș Nr. 112 Bl. 21  Sc. 32 Ap. 810,Mioveni,988114,base.RO_VN,base.ro,ioantoma@141.ro,,0,0,0
nexterp_demo_partner_423,Natașa Diaconescu,nexterp_demo_partner_421,0,,Strada Zenobia Dinu,Gugesti,551203,base.RO_MS,base.ro,diaconescuhortensia@141.ro,,0,0,0
nexterp_demo_partner_424,Răducu Popa,nexterp_demo_partner_421,0,,Drumul Petronela Mocanu Nr. 81 Bl. 13  Sc. 46 Ap. 879,Remetea,106293,base.RO_IF,base.ro,lioaradiaconescu@gmail.com,,0,0,0
nexterp_demo_partner_425,Suciu Niță SA,,1,RO9399710820,Aleea Marin Nr. 560,Orsova,980488,base.RO_PH,base.ro,udumitrescu@kappa.ro,0728 992 004,0,0,1
nexterp_demo_partner_426,Suciu OC1,,1,RO8837875148,Intrarea Codrin Manole Nr. 287,Oltenita,204173,base.RO_CT,base.ro,cristeaardelean@acasa.ro,0264 742 095,0,1,1
nexterp_demo_partner_427,Suciu SCA,,1,RO4741131820,Drumul Ardelean Nr. 202,Fagaras,783927,base.RO_AB,base.ro,albuadela@email.ro,0747 803 604,1,1,1
nexterp_demo_partner_428,Suciu Stănescu LOC,,1,3138780600,Strada Aanei,Fieni,642615,base.RO_GJ,base.ro,georgescudariana@kappa.ro,0769 276 659,1,0,0
nexterp_demo_partner_429,Suciu URL,,1,5841193598,Strada Tabacu Nr. 463,Cudalbi,812142,base.RO_SM,base.ro,rpreda@acasa.ro,0772 783 912,0,0,1
nexterp_demo_partner_430,Alida Stoica,,0,,Aleea Mihai Stan Nr. 43,Slobozia,241411,base.RO_IL,base.ro,qnita@kappa.ro,,0,0,0
nexterp_demo_partner_431,Eliana Mocanu,,0,,Aleea Mazilescu Nr. 46 Bl. 19  Sc. 84 Ap. 837,Breaza de Sus,657689,base.RO_HR,base.ro,ystoica@email.ro,,0,0,0
nexterp_demo_partner_432,Teodor Voinea,,0,,Intrarea Ababei Nr. 663,Berceni,902069,base.RO_TR,base.ro,barburobert@kappa.ro,,0,0,0
nexterp_demo_partner_433,Szabó Pál Zrt.,,1,HU33643364,Tiszamindszenti utca 204.,lajosgyörgybánya,H-4802,,base.hu,szabolcs55@hotmail.com,(06)07/841-7093,1,0,0
nexterp_demo_partner_434,Szőke Bt.,,1,HU01305126,Mellékdevecseri utca 78.,Hódmezővásárhely,H-8869,,base.hu,laszlianna@sandor.com.hu,06-78/601 0429,1,0,1
nexterp_demo_partner_435,Sárközi és társa Kkt.,,1,HU73991386,József attila út 167.,székhida,H-5359,,base.hu,feketeagnes@gmail.com,86/968-9987,1,1,1
nexterp_demo_partner_436,Tabacu Aanei AFJ,,1,RO9933538394,Aleea Tomescu Nr. 187 Bl. 56  Sc. 84 Ap. 785,Tasnad,351329,base.RO_SV,base.ro,mazilescuruxandra@gmail.com,0767 397 083,0,0,0
nexterp_demo_partner_437,Tabacu Ardelean CRL,,1,RO6105223272,Bulevardul Lioara Diaconu,Seini,230399,base.RO_DJ,base.ro,dumitrescuamza@acasa.ro,0765 660 890,1,1,1
nexterp_demo_partner_438,Tabacu Diaconescu AFJ,,1,RO6107120800,Drumul Oprea Nr. 24,Lunca Cetatuii,468482,base.RO_VL,base.ro,epreda@email.ro,0768 707 596,0,0,1
nexterp_demo_partner_439,Tabacu Ionescu RA,,1,RO1324985669,Soseaua Stan Nr. 76,Valu lui Traian,525469,base.RO_TM,base.ro,tene@post.ro,0737 273 514,0,1,0
nexterp_demo_partner_440,Tabacu OC2,,1,RO1563410794,Soseaua Nistor,Moreni,421606,base.RO_VN,base.ro,enistor@zzup.ro,0721 412 173,0,0,0
nexterp_demo_partner_441,Tabacu Stoica SCA,,1,2303962003,Bulevardul Mocanu,Calarasi,676033,base.RO_AR,base.ro,emanuelionescu@zzup.ro,0757 123 578,0,1,1
nexterp_demo_partner_442,Leana Dima,,0,,Aleea Tabacu Nr. 958 Bl. 88  Sc. 26 Ap. 443,Strehaia,516878,base.RO_HR,base.ro,nemesgeorgia@email.ro,,0,0,0
nexterp_demo_partner_443,Ovidiu Marin,,0,,Drumul Toma Nr. 35 Bl. 33  Sc. 82 Ap. 751,Moisei,682122,base.RO_PH,base.ro,wstancu@141.ro,,0,0,0
nexterp_demo_partner_444,Todor Dochioiu,,0,,Drumul Toma Nr. 35 Bl. 33  Sc. 82 Ap. 751,Moisei,682122,base.RO_PH,base.ro,dimalili@zzup.ro,,0,0,0
nexterp_demo_partner_445,Takács Nyrt.,,1,HU37315030,Arany jános út 4.,mindszentnádasd,H-1437,,base.hu,nemethpiroska@hotmail.com,(06)87/369-1455,0,0,0
nexterp_demo_partner_446,Toma Barbu ASF,,1,9299628483,Bulevardul Valentin Dima Nr. 26 Bl. 28  Sc. 89 Ap. 745,Oltenita,622086,base.RO_NT,base.ro,diaconescuotilia@gmail.com,0256 541 085,1,1,1
nexterp_demo_partner_447,Toma OC3,,1,RO3775611439,Intrarea Oprea Nr. 812,Ianca,751797,base.RO_GL,base.ro,diaconuada@post.ro,0740 653 548,0,0,1
nexterp_demo_partner_448,Toma Popa SCS,,1,3827747330,Drumul Voinea Nr. 61,Cernavoda,736606,base.RO_CT,base.ro,marinnadia@email.ro,0746 154 328,1,0,0
nexterp_demo_partner_449,Toma Preda SNC,,1,RO9438412453,Aleea Toma Nr. 287,Caracal,294540,base.RO_SM,base.ro,tabacumelania@zzup.ro,0726 512 032,0,1,1
nexterp_demo_partner_450,Toma SCS,,1,RO2630375770,Soseaua Suciu,Valea Caselor (Dragasani),272913,base.RO_NT,base.ro,ionitavlaicu@post.ro,0768 411 325,1,1,1
nexterp_demo_partner_451,Toma SCS,,1,5288923351,Strada Voichița Diaconescu,Corund,401220,base.RO_VN,base.ro,georgescustelian@gmail.com,0269 135 113,0,0,0
nexterp_demo_partner_452,Toma SNC,,1,RO2577598692,Bulevardul Ionelia Stancu Nr. 31,Radauti,193101,base.RO_OT,base.ro,relucristea@zzup.ro,0736 953 551,1,1,1
nexterp_demo_partner_453,Toma SPI,,1,8431852402,Aleea Oprea Nr. 25,Campia Turzii,990449,base.RO_CS,base.ro,meftimie@gmail.com,0729 161 985,0,0,0
nexterp_demo_partner_454,Toma Stancu SCS,,1,1185471510,Intrarea Nistor Nr. 20,Babadag,852970,base.RO_MS,base.ro,noricaoprea@email.ro,0737 712 018,1,1,0
nexterp_demo_partner_455,Tomescu Aanei LOC,,1,7893391889,Bulevardul Octav Florea Nr. 946 Bl. 80  Sc. 34 Ap. 980,Tunari,210066,base.RO_VL,base.ro,estanescu@141.ro,0754 762 593,0,1,1
nexterp_demo_partner_456,Tomescu Ardelean OC2,,1,RO9192119037,Bulevardul Iurie Manole Nr. 74 Bl. 77  Sc. 26 Ap. 979,Dancu,209656,base.RO_IS,base.ro,marinvasilica@kappa.ro,0755 680 549,1,1,0
nexterp_demo_partner_457,Tomescu CON,,1,7520121883,Drumul Ionescu Nr. 525,Radauti,556319,base.RO_IL,base.ro,dinumihail@email.ro,0264 281 490,1,1,0
nexterp_demo_partner_458,Tomescu Dobre SNC,,1,RO3583927114,Aleea Dinu Nr. 539 Bl. 71  Sc. 72 Ap. 124,Mihail Kogalniceanu,713827,base.RO_VL,base.ro,marineftimie@post.ro,0240 444 930,1,1,0
nexterp_demo_partner_459,Tomescu Dumitrescu OC3,,1,2932874790,Drumul Albu Nr. 369 Bl. 31  Sc. 44 Ap. 583,Talmaciu,561865,base.RO_SJ,base.ro,cristeacezar@zzup.ro,0785 589 020,0,0,0
nexterp_demo_partner_460,Tomescu Gheorghiu ASF,,1,RO5658524490,Aleea Pușcașu Nr. 98,Moinesti,461316,base.RO_B,base.ro,manole15@kappa.ro,0749 677 235,0,1,0
nexterp_demo_partner_461,Tomescu OC2,,1,RO1463814690,Bulevardul Albu,Ruscova,676958,base.RO_BV,base.ro,gheorghiunicu@acasa.ro,0737 236 634,0,1,1
nexterp_demo_partner_462,Tomescu OC2,,1,8411945183,Soseaua Stan,Brasov,628761,base.RO_GL,base.ro,eduardionita@zzup.ro,0759 992 623,0,1,1
nexterp_demo_partner_463,Anastasia Nistor,nexterp_demo_partner_461,0,,Strada Octavian Popescu,Cernavoda,640266,base.RO_TM,base.ro,stancubasarab@141.ro,,0,0,0
nexterp_demo_partner_464,Liana Diaconu,nexterp_demo_partner_461,0,,Soseaua Stan,Brasov,628761,base.RO_GL,base.ro,igheorghiu@post.ro,,0,0,0
nexterp_demo_partner_465,Sanda Ionescu,nexterp_demo_partner_461,0,,Bulevardul Nistor,Harlau,399602,base.RO_BC,base.ro,rpreda@141.ro,,0,0,0
nexterp_demo_partner_466,Tomescu OC3,,1,8842442574,Bulevardul Pop Nr. 81 Bl. 56  Sc. 78 Ap. 206,1 Decembrie,282126,base.RO_BH,base.ro,dochioiulacramioara@kappa.ro,0770 959 883,1,1,1
nexterp_demo_partner_467,Tomescu SCS,,1,7829562332,Bulevardul Dochioiu Nr. 466 Bl. 23  Sc. 42 Ap. 638,Anina,427981,base.RO_MH,base.ro,lionita@zzup.ro,0731 233 129,1,0,0
nexterp_demo_partner_468,Tomescu SPI,,1,3985595820,Drumul Marin,Bolintin-Vale,605841,base.RO_DB,base.ro,lionita@zzup.ro,0722 731 630,0,0,0
nexterp_demo_partner_469,Tomescu Tabacu SCS,,1,5079141347,Intrarea Norman Nemeș,Alba Iulia,570602,base.RO_GR,base.ro,eneianis@email.ro,0772 475 000,1,0,0
nexterp_demo_partner_470,Gabi Stancu,,0,,Drumul Eftimie Suciu,Bals,241779,base.RO_BC,base.ro,augustinnistor@gmail.com,,0,0,0
nexterp_demo_partner_471,Rareș Stoica,,0,,Intrarea Dinu Nr. 21 Bl. 96  Sc. 27 Ap. 816,Medgidia,530835,base.RO_BZ,base.ro,opreadumitru@kappa.ro,,0,0,0
nexterp_demo_partner_472,Viviana Tudor,,0,,Strada Tomescu Nr. 994,Ramnicu Sarat,568916,base.RO_GR,base.ro,rdinu@141.ro,,0,0,0
nexterp_demo_partner_473,Trüb Mangold KG,,1,DE186451657,Aleksandar-Gieß-Allee 1/2,Bad Mergentheim,66683,,base.de,qjuettner@gmx.de,122623576,1,1,1
nexterp_demo_partner_474,Tschentscher GmbH  and Co. KG,,1,DE306790012,Dörschnerplatz 13,Paderborn,8157,,base.de,adrian26@mohaupt.com,09398 270654,0,0,0
nexterp_demo_partner_475,Benedikt Trüb,nexterp_demo_partner_474,0,,Hakan-Seidel-Gasse 8,Stade,46391,,base.ro,whauffer@hoefig.de,,0,0,0
nexterp_demo_partner_476,Dörthe Losekann,nexterp_demo_partner_474,0,,Sibel-Speer-Allee 1,Göttingen,40955,,base.ro,dgeisler@googlemail.com,,0,0,0
nexterp_demo_partner_477,Leszek Reising,nexterp_demo_partner_474,0,,Gloria-Warmer-Gasse 55,Torgau,18125,,base.ro,ernest85@gmx.de,,0,0,0
nexterp_demo_partner_478,Tudor,,1,RO5704576100,Aleea Horia Ardelean Nr. 563 Bl. 71  Sc. 36 Ap. 873,Savinesti,677192,base.RO_SB,base.ro,dochioiulelia@141.ro,0759 215 860,0,0,1
nexterp_demo_partner_479,Tudor Albu PFA,,1,8186024729,Soseaua Niță Nr. 44,Valea Mare (Babeni),935421,base.RO_DJ,base.ro,dcristea@acasa.ro,0249 811 502,0,0,0
nexterp_demo_partner_480,Tudor Gheorghiu INC,,1,6672609090,Soseaua Darius Marin Nr. 519 Bl. 88  Sc. 85 Ap. 763,Magurele,256094,base.RO_NT,base.ro,sdinu@post.ro,0251 628 039,0,1,0
nexterp_demo_partner_481,Tudor Ioniță LOC,,1,3046303712,Intrarea Nemeș Nr. 96 Bl. 86  Sc. 59 Ap. 738,Mihail Kogalniceanu,142767,base.RO_NT,base.ro,tomaantim@post.ro,0769 140 093,1,1,0
nexterp_demo_partner_482,Tudor LOC,,1,RO6743896690,Soseaua Lorin Niță,Amara,447027,base.RO_TR,base.ro,coprea@zzup.ro,0239 111 991,1,1,0
nexterp_demo_partner_483,Tudor OC2,,1,RO6585527417,Intrarea Ioniță Nr. 19 Bl. 91  Sc. 28 Ap. 941,Ramnicu Valcea,738020,base.RO_OT,base.ro,gregorian30@gmail.com,0252 604 025,0,1,0
nexterp_demo_partner_484,Tudor Pop SPI,,1,RO5392340408,Intrarea Ileana Manole,Suceava,464373,base.RO_CJ,base.ro,abarbu@acasa.ro,0752 657 724,0,0,1
nexterp_demo_partner_485,Tudor SCS,,1,8333548049,Bulevardul Pușcașu,Moldova Veche,661765,base.RO_AR,base.ro,hmazilescu@141.ro,0723 928 185,1,1,0
nexterp_demo_partner_486,Tudor Stancu SPI,,1,RO3143658198,Bulevardul Oprea,Remetea,874697,base.RO_BR,base.ro,stanescujean@email.ro,0758 810 351,1,1,1
nexterp_demo_partner_487,Tudor Stănescu LOC,,1,RO1428467436,Soseaua Dorel Toma Nr. 77,Glina,539976,base.RO_GR,base.ro,dpreda@email.ro,0245 126 491,1,0,0
nexterp_demo_partner_488,Tudor Tabacu AFJ,,1,4566702778,Intrarea Dinu Nr. 816 Bl. 97  Sc. 33 Ap. 285,Negresti,273765,base.RO_GL,base.ro,wvoinea@post.ro,0242 126 577,1,0,0
nexterp_demo_partner_489,Varga Zrt.,,1,HU89695670,Tamásinémetii út 218.,Érd,H-2450,,base.hu,fodorzoltan@yahoo.com,(77)/364-4190,1,1,0
nexterp_demo_partner_490,Varga és Horváth Kft.,,1,HU04491143,Felsőmártoni utca 88.,bakonytapolcaharaszti,H-8326,,base.hu,titheva@gmail.com,(07)/960-8090,0,0,0
nexterp_demo_partner_491,Verdone Moschino e Battelli Group,,1,IT87922690232,Strada Ruberto 046 Piano 4,Durante ligure,661,base.state_it_fr,base.it,nmancini@hotmail.com,+39 685 49310148,1,1,0
nexterp_demo_partner_492,Lazzaro Condoleo,nexterp_demo_partner_491,0,,Strada Ruberto 046 Piano 4,Durante ligure,661,base.state_it_fr,base.it,porengo@gmail.com,,0,0,0
nexterp_demo_partner_493,Liberto Monte,nexterp_demo_partner_491,0,,Canale Govoni 27,Aria laziale,94643,base.state_it_mn,base.ro,laureanomalacarne@gmail.com,,0,0,0
nexterp_demo_partner_494,Pierina Goldstein,nexterp_demo_partner_491,0,,Vicolo Polizzi 287,Guarino umbro,45031,base.state_it_cn,base.ro,fabia45@vodafone.it,,0,0,0
nexterp_demo_partner_495,Virág és Fazekas Zrt.,,1,HU54156593,Békési tér 203.,pusztaligetnémeti,H-2215,,base.hu,gergely15@juhasz.com.hu,006- 768 332,1,1,0
nexterp_demo_partner_496,Vladislavić,,1,HR28828180648,Grič 8b,Samobor,46177,,base.hr,zoranritosa@inet.hr,0047 853 841,0,1,1
nexterp_demo_partner_497,Voinea,,1,RO1845049346,Intrarea Stoica Nr. 450 Bl. 46  Sc. 68 Ap. 951,Cristuru Secuiesc,921745,base.RO_BN,base.ro,ioana71@kappa.ro,0729 378 807,1,1,0
nexterp_demo_partner_498,Voinea,,1,RO4269208889,Soseaua Laurian Popa,Fetesti-Gara,991113,base.RO_VS,base.ro,plesu52@acasa.ro,0733 104 466,1,1,1
nexterp_demo_partner_499,Voinea,,1,6666702789,Intrarea Smaranda Cristea Nr. 595,Covasna,221320,base.RO_AR,base.ro,popdaria@zzup.ro,0748 359 263,1,0,0
nexterp_demo_partner_500,Voinea LOC,,1,RO4479384000,Intrarea Tomescu,Bragadiru,634591,base.RO_VS,base.ro,nistorviorela@acasa.ro,0252 861 704,0,0,1
nexterp_demo_partner_501,Voinea Marin SPI,,1,5219646355,Soseaua Ioniță Nr. 13 Bl. 93  Sc. 96 Ap. 281,Ovidiu,213265,base.RO_SV,base.ro,georgescubogdana@zzup.ro,0762 689 608,0,1,0
nexterp_demo_partner_502,Voinea Pop AFJ,,1,2992579530,Soseaua Niță Nr. 887 Bl. 11  Sc. 16 Ap. 986,Calafat,886029,base.RO_MM,base.ro,xdochioiu@gmail.com,0727 551 654,0,1,1
nexterp_demo_partner_503,Aglaia Nistor,nexterp_demo_partner_502,0,,Drumul Felicia Tabacu,Cobadin,275095,base.RO_B,base.ro,stoicaagata@141.ro,,0,0,0
nexterp_demo_partner_504,Cleopatra Tudor,nexterp_demo_partner_502,0,,Bulevardul Dobre,Glina,931118,base.RO_DJ,base.ro,deftimie@141.ro,,0,0,0
nexterp_demo_partner_505,Petrișor Tomescu,nexterp_demo_partner_502,0,,Intrarea Geta Eftimie Nr. 348 Bl. 99  Sc. 24 Ap. 114,Schela Cladovei,342359,base.RO_NT,base.ro,jdiaconescu@141.ro,,0,0,0
nexterp_demo_partner_506,Voinea Stancu CON,,1,RO9135191394,Soseaua Arsenie Stancu Nr. 45 Bl. 64  Sc. 85 Ap. 254,Tasnad,185315,base.RO_VN,base.ro,kstanescu@gmail.com,0754 521 352,1,0,1
nexterp_demo_partner_507,Voinea Tabacu AFJ,,1,RO6611859531,Aleea Nistor Nr. 818,Cajvana,812724,base.RO_NT,base.ro,simina37@141.ro,0750 917 648,0,1,0
nexterp_demo_partner_508,Váradi és Farkas Nyrt.,,1,HU15711548,Petőfi sándor utca 143.,hátbánya,H-9744,,base.hu,pappmaria@hotmail.com,(23)/714-9335,0,1,1
nexterp_demo_partner_509,Wagenknecht,,1,DE847955952,Adlerallee 2/7,Lüdenscheid,73003,,base.de,fritschdietmar@langern.de,1747183081,1,0,0
nexterp_demo_partner_510,Wesack,,1,DE513510410,Aloys-Fiebig-Platz 3,Eberswalde,28262,,base.de,lydia60@googlemail.com,+49 (0) 6689 285151,0,1,0
nexterp_demo_partner_511,Wirth,,1,DE179553093,Ziegertstr. 051,Jüterbog,83809,,base.de,gjungfer@pechel.de,+49 (0) 2575 266062,1,1,1
nexterp_demo_partner_512,Zacco SPA,,1,IT36704770019,Vicolo Dibiasi 56,San Lucia sardo,52861,base.state_it_cn,base.it,luisa50@fastwebnet.it,+39 11 6594757,1,1,0
nexterp_demo_partner_513,Zaguri Group,,1,IT00466331204,Rotonda Toni 602 Piano 4,Luisa laziale,2656,base.state_it_ar,base.it,giuntivalerio@tim.it,+39 739 73164592,1,1,1
nexterp_demo_partner_514,van der Dussen,,1,DE855671159,Geislergasse 4,Ludwigslust,15223,,base.de,jkostolzin@gmx.de,(08433) 08251,1,0,1
nexterp_demo_partner_515,Čizmić Martić d.o.o.,,1,HR47807014309,Visoka 5b,Trilj,60408,,base.hr,marinovicjanja@tomic.net,072 134 772,0,0,1
nexterp_demo_partner_516,Čulina j.d.o.o.,,1,HR20644335555,Harmica 821,Pag,35931,,base.hr,erik87@vip.hr,022 811 396,1,1,0
nexterp_demo_partner_517,Šegović,,1,HR30349455994,Novi Goljak 260,Metković,65247,,base.hr,mate32@t.ht.hr,053 050 426,0,1,0
nexterp_demo_partner_518,Štifanić Pecotić d.d.,,1,HR00837958875,Grič 0,Sinj,88615,,base.hr,jakovmaricevic@hotmail.com,052 072 747,1,1,1
nexterp_demo_partner_519,Žabjačan Kosanović d.o.o.,,1,HR34979892406,Jurkovićeva 7c,Jastrebarsko,86957,,base.hr,sjozic@licul.biz,049 633 929,0,1,1
nexterp_demo_partner_520,АО «Евдокимова Федоров»,,1,RU1094850852,бул. Минский  д. 47 стр. 43,ст. Троицк (Моск.),834947,base.state_ru_mag,base.ru,davidovladimir@npo.edu,8 193 795 3814,1,1,1
nexterp_demo_partner_521,Трофим Жоресович Волков,nexterp_demo_partner_520,0,RU1094850852,бул. Минский  д. 47 стр. 43,ст. Троицк (Моск.),834947,base.state_ru_mag,base.ru,vasilevsidor@hotmail.com,,0,0,0
nexterp_demo_partner_522,РАО «Авдеева»,,1,RU7277964223,пер. Бригадный  д. 90 стр. 2,п. Юрюзань,925343,base.state_ru_ark,base.ru,trofimovviktor@ao.ru,+7 (467) 414-8697,1,1,0
nexterp_demo_partner_523,ИП «Ермакова-Наумов»,,1,RU5568814162,наб. Октябрьская  д. 5 к. 1/2,д. Ершов,924904,base.state_ru_pnz,base.ru,askoldmamontov@yandex.ru,+7 591 229 1559,0,0,0
nexterp_demo_partner_524,АО «Гришин-Горбунова»,,1,RU1553853806,ул. Социалистическая  д. 1 к. 56,к. Аша,602146,base.state_ru_cu,base.ru,gostomislosipov@mail.ru,+7 (596) 667-8988,0,0,1
nexterp_demo_partner_525,ОАО «Семенова-Гуляев»,,1,RU1456800051,ул. Стадионная  д. 52 стр. 255,с. Билибино,279250,base.state_ru_kir,base.ru,trifon_1983@rao.com,8 (417) 879-31-01,0,0,1
nexterp_demo_partner_526,ИП «Кузьмин  Баранова и Устинова»,,1,RU7472148941,пр. Сосновый  д. 5 стр. 144,д. Жигулевск,550096,base.state_ru_bry,base.ru,zmamontova@rambler.ru,8 140 486 45 32,0,1,0
nexterp_demo_partner_527,ИП «Ковалева  Хохлов и Князева»,,1,RU8570890222,бул. М.Горького  д. 5 стр. 1/8,клх Голицыно,659502,base.state_ru_ta,base.ru,pavlovataisija@ao.org,8 115 450 98 73,0,0,0
nexterp_demo_partner_528,Ширяева Инкорпорэйтед,,1,RU1561737384,бул. Разина  д. 67 стр. 34,клх Калачинск,435078,base.state_ru_tyu,base.ru,gordeevgavrila@rao.info,79197286941,1,0,1
nexterp_demo_partner_529,ООО «Романов-Попова»,,1,RU6688611737,наб. Таежная  д. 94 стр. 929,к. Ачхой Мартан,150625,base.state_ru_vor,base.ru,taras62@yandex.ru,+7 838 010 30 87,1,0,1
nexterp_demo_partner_530,ООО «Анисимов»,,1,RU6862341610,наб. Авиационная  д. 8,д. Камышин,160979,base.state_ru_ore,base.ru,dementevstanislav@yandex.ru,+7 228 814 23 30,0,1,0
nexterp_demo_partner_531,Лукия Игоревна Родионова,nexterp_demo_partner_530,0,RU6862341610,наб. Авиационная  д. 8,д. Камышин,160979,base.state_ru_ore,base.ru,martinovavalerija@kuznetsova.org,,0,0,0
nexterp_demo_partner_532,Якобс Дау Эгбертс Рус (Jacobs Douwe Egberts),,1,RU6099242303,наб. Сплавная  д. 623,с. Куртамыш,839822,base.state_ru_orl,base.ru,luchezar1982@gk.edu,+7 (656) 892-28-67,1,0,1
nexterp_demo_partner_533,ЗАО «Субботин-Дорофеева»,,1,RU1282931529,алл. Одесская  д. 167,п. Снежинск,407725,base.state_ru_ud,base.ru,wkondrateva@yahoo.com,87013933487,0,0,0
nexterp_demo_partner_534,РАО «Зуев  Лебедева и Сорокина»,,1,RU7871149200,пер. Свободный  д. 1/9,клх Балтийск,682614,base.state_ru_tyu,base.ru,semenovaolga@hotmail.com,+7 (183) 705-4518,0,1,0
nexterp_demo_partner_535,Осипова Инк,,1,RU7805145876,пр. Западный  д. 94 стр. 5/9,с. Моршанск,142216,base.state_ru_kos,base.ru,evseevaoksana@ip.org,8 (396) 736-58-94,0,0,0
nexterp_demo_partner_536,Нова,,1,RU9253540420,ш. Парковое  д. 3 стр. 94,ст. Рославль,750984,base.state_ru_kk,base.ru,ratibor_1990@tsentralnaja.biz,+7 329 868 34 98,0,1,0
nexterp_demo_partner_537,มูลนิธิถนัดรักษา,,1,6-6602-24166-84-4,550/6 ถนนไทนิยม,เรืองเกียรติ Ville,77610,,base.th,rmthitiratnthaaraa@bcchkyaangswy.com,+66 (0) 634 238 540,1,1,0
nexterp_demo_partner_538,บริษัท สันตะวงศ์คอมพิวเตอร์ จำกัด,,1,1-2014-36643-22-4,0 ถ.บุนยะตีรณะ,ราชพฤกษ์ Ville,40310,,base.th,nniymthrrm@smaakhmaichyphaa.net,53451540,1,1,1
nexterp_demo_partner_539,บริษัท นาถะพินธุบริการ จำกัด,,1,1-1037-15939-21-1,0 ถ.ถนัดการยนต์,อธิวัตร Ville,99770,,base.th,ethaaraathr@gmail.com,+66 (0) 3504 1089,1,0,1
nexterp_demo_partner_540,ดุริยพันธุ์และถนัดอักษร,,1,1-1811-63100-58-4,85/1 ถนนเช้าวันดี,คำมั่น Ville,87530,,base.th,sirinanth70@brisath.com,07 333 6452,0,1,1
nexterp_demo_partner_541,บริษัท พรสีมาเทรดดิ้ง จำกัด,,1,3-1704-41085-92-3,6 ถนนตัณสถิตย์,รอซีด๊ะ Ville,47010,,base.th,thityaa66@brisath.com,0 7437 2770,1,0,1
nexterp_demo_partner_542,บริษัท ไทยแท้การค้า จำกัด (มหาชน),,1,1-2020-87387-20-2,46/7 ถนนถิรสวัสดิ์,พิมพ์สุตา Ville,30080,,base.th,triinuch58@hcchkcchann.info,+66 (0) 3710 0732,0,1,0
nexterp_demo_partner_543,ประจันตะเสนและมนทอง,,1,2-5609-12805-66-0,25 หมู่ 6 ถนนบุตดา,ธีรลักษณ์ Ville,52410,,base.th,qetchakamphu@yahoo.com,0-5287-1689,1,0,0
nexterp_demo_partner_544,ทีฆะการช่าง,,1,7-5211-85324-52-9,104/5 ถนนบัวเผื่อน,กระสุน Ville,23730,,base.th,nphathr33@yahoo.com,050 685411,1,0,0
nexterp_demo_partner_545,บริษัท ถนัดกลึง จำกัด,,1,3-3116-64160-99-1,65/77 ถ.ผลบุญ,ราชพฤกษ์ Ville,69060,,base.th,osphaa66@kngthunrwmsriiun.com,04 416 3139,1,1,1
nexterp_demo_partner_546,บจก.ซาซุมการค้า,,1,5-8803-88071-13-7,306/3 ถนนเตมิยะเดช,ธีราทัต Ville,21140,,base.th,wiphuthtinratn@bmcchethiiyraayan.net,0-5738-5412,1,1,1
nexterp_demo_partner_547,ชมรมเลิศกิ่ง,,1,4-1320-73249-83-5,9/9 ถนนวาทา,จำรัส Ville,83170,,base.th,wiirsudaatrakuulaimeriiyng@thnadkaarekhiiyn-attnaath.com,075 114057,1,0,1
nexterp_demo_partner_548,ชมรมนามเสวตร,,1,6-8020-84106-38-1,19 หมู่ 7 ถนนเมืองสุข,กรพนธ์ Ville,15990,,base.th,nwlephngkingaekw@brisath.info,0-3236-3268,0,0,0
nexterp_demo_partner_549,นฤทุกข์-บุญส่ง,,1,8-8618-83373-45-8,38/2 ถนนคำลือ,สุปรานี Ville,49660,,base.th,nichnanthenuuengnnth@brisath.com,03 482 7407,0,0,0
nexterp_demo_partner_550,บริษัทหลักทรัพย์ ทศโยธิน จำกัด,,1,7-6018-83649-95-3,532/8 ซ.ตวันเยี่ยม,จริยฉัตร Ville,79690,,base.th,thiirlaksnekhiiywn@gmail.com,+66 (0) 610 182 621,0,1,0
nexterp_demo_partner_551,ถนัดหัดถกรรมภาพยนตร์,,1,1-4013-17639-75-2,2/1 ถนนถาวระวรณ์,พิชญ์สินี Ville,67160,,base.th,dwngthabthimaicchklaang@hotmail.com,0-4900-1092,1,1,0
nexterp_demo_partner_552,ห้างหุ้นส่วนจำกัด นิระหานีแพคกิ้ง,,1,4-5018-14127-20-6,35 หมู่ 0 ถ.วาทา,ศรายุธ Ville,62930,,base.th,aiklrungthrrmniym@hotmail.com,042-355239,1,0,1
nexterp_demo_partner_553,บริษัท ศรีอุ่นแลบ จำกัด,,1,5-6316-38030-01-0,4 ซอยบุนยะตีรณะ,จักรพันธ์ Ville,50840,,base.th,hlakthraphybunyatiirna@yahoo.com,+66 983 627 523,1,0,1
nexterp_demo_partner_554,ไวพจน์ นากกนก,nexterp_demo_partner_553,,5-6316-38030-01-0,4 ซอยบุนยะตีรณะ,จักรพันธ์ Ville,50840,,base.th,chnisaa85@yahoo.com,,0,0,0
nexterp_demo_partner_555,สมาคมวิลาสินี,,1,8-2218-45480-30-2,77/6 ถนนร่มธิติรัตน์,ปาริตา Ville,32740,,base.th,tinratnpraaiphphaktr@hotmail.com,070 661559,1,0,1
nexterp_demo_partner_556,ดิสกะประกายและศรทอง,,1,6-4920-51129-44-0,746/56 ถ.พีระเพ็ญกุล,อัญชัญ Ville,80800,,base.th,laddaa51@gmail.com,07 105 6893,0,0,1
nexterp_demo_partner_557,เพียยาอิมปอร์ตเอ็กซปอร์ต,,1,6-1508-54461-88-2,72 ถนนตวงทอง,ราชันทร์ Ville,66200,,base.th,hrrsthr38@yahoo.com,0 602 764 605,1,0,0
nexterp_demo_partner_558,ห้างหุ้นส่วนสามัญ ธนรักษ์,,1,8-3215-46397-20-8,20/67 ถ.นิยมสำหรวจ,อาฮามัด Ville,38550,,base.th,rkiieyaaa37@bcchksriiunefnichching.com,065-336-7851,0,0,0
nexterp_demo_partner_559,ห้างหุ้นส่วนจำกัด ถนัดเดินข่าว,,1,5-5719-15274-77-6,80 ถ.ธัญาโภชน์,พัชรีนิษฐ์ Ville,58480,,base.th,ulhassaanraawrrn@haanghunswncchamkad.org,35664496,1,0,0
nexterp_demo_partner_560,Ertaş A.Ş.,,1,TR11688452678,11829 Nesfe Causeway,Onukermouth,24636,base.state_tr_64,base.tr,zenginseyithan@akcay.com,+90(146)2407101,0,1,1
nexterp_demo_partner_561,Çetin Seven Ltd.,,1,TR74906030256,70069 Eşim Freeway,Memilitown,50550,base.state_tr_46,base.tr,ifirat@yorulmaz.org,5005167244,1,1,1
nexterp_demo_partner_562,Sağıt Behrem Soylu,nexterp_demo_partner_561,0,TR74906030256,70069 Eşim Freeway,Memilitown,50550,base.state_tr_46,base.tr,eseven@hotmail.com,,0,0,0
nexterp_demo_partner_563,Arsoy Şti.,,1,TR50667153700,9525 Tarhan Inlet Apt. 476,Korutürkchester,77645,base.state_tr_11,base.tr,demirlufen@sezer.com,0605 948 49 76,1,1,0
nexterp_demo_partner_564,Bilge A.Ş.,,1,TR87997752600,428 Kader Plaza,Nüricemouth,90739,base.state_tr_31,base.tr,sanavberocalan@akcay.com,(624)902 4866,1,1,0
nexterp_demo_partner_565,Petkim,,1,TR19279318594,4942 Ertuncay Stream Suite 111,West Gürtenshire,63811,base.state_tr_24,base.tr,corlukarlukhan@camurcuoglu.com,+90(733)929-3848x291,1,0,0
nexterp_demo_partner_566,Akdeniz Ltd.,,1,TR55457509460,5248 Kezban Run,East Zubeydeberg,35717,base.state_tr_20,base.tr,aytuna39@gmail.com,+90 (031) 1943938,0,1,1
nexterp_demo_partner_567,Akçay A.Ş.,,1,TR20953220812,9141 Fırat Flat,North Sadatchester,16454,base.state_tr_06,base.tr,melihcan50@hotmail.com,203 7 169,1,0,1
nexterp_demo_partner_568,Seven A.Ş.,,1,TR58881202464,97876 Durdu Isle Suite 514,South Hatinfurt,19933,base.state_tr_35,base.tr,gbilir@yahoo.com,+90(001)625-5996x340,1,0,1
nexterp_demo_partner_569,İhsanoğlu Şensoy Ltd.,,1,TR62001173022,3659 Tunahan View,West Özokçu,50956,base.state_tr_09,base.tr,burc67@yahoo.com,285285618,0,1,1
nexterp_demo_partner_570,Çamurcuoğlu Şti.,,1,TR92478308382,6634 Mihriye Station Apt. 457,Port Akmanerfort,73095,base.state_tr_57,base.tr,efilsakarya@kisakurek.com,0783 916 66 21,0,1,1
nexterp_demo_partner_571,Aslan A.Ş.,,1,TR96568553478,470 İnönü Creek,Firdevisberg,58430,base.state_tr_03,base.tr,wdumanli@aselsan.com,+90 (157) 8334245,0,1,0
nexterp_demo_partner_572,Anadolu Efes,,1,TR45255230444,0935 Bahaddin Garden Apt. 273,Demirmouth,68031,base.state_tr_06,base.tr,cetinulutay@akgunduz.com,0388-014 1732,0,0,1
nexterp_demo_partner_573,Şişecam,,1,TR11378178994,0338 Salurbay Summit Suite 777,Tezolbury,20547,base.state_tr_20,base.tr,rsama@yahoo.com,+90(010)851-3206x5211,0,1,1
